
2026-02-16 15:23:53,883 - scraper.rekhta - INFO - Starting scraping for rekhta [TEST MODE]
2026-02-16 15:23:53,883 - scraper.rekhta - INFO - Fetching author listing from: https://www.rekhta.org/stories
2026-02-16 15:24:29,617 - scraper.rekhta - INFO - Found 47 author pages
2026-02-16 15:24:29,617 - scraper.rekhta - INFO - Fetching stories from author 1/47: https://www.rekhta.org/authors/a-hameed/stories
2026-02-16 15:24:47,839 - scraper.rekhta - INFO - Fetching stories from author 2/47: https://www.rekhta.org/authors/a-khayyam-1/stories
2026-02-16 15:24:58,922 - scraper.rekhta - INFO - Fetching stories from author 3/47: https://www.rekhta.org/storywriter/aafiya-hameed/stories
2026-02-16 15:25:06,108 - scraper.rekhta - INFO - Fetching stories from author 4/47: https://www.rekhta.org/authors/aagha-babar/stories
2026-02-16 15:25:12,117 - scraper.rekhta - INFO - Fetching stories from author 5/47: https://www.rekhta.org/authors/abdal-bela/stories
2026-02-16 15:25:30,713 - scraper.rekhta - INFO - Fetching stories from author 6/47: https://www.rekhta.org/authors/abdul-aziz-khan/stories
2026-02-16 15:25:36,127 - scraper.rekhta - INFO - Fetching stories from author 7/47: https://www.rekhta.org/authors/abdul-bismillah/stories
2026-02-16 15:25:41,175 - scraper.rekhta - INFO - Fetching stories from author 8/47: https://www.rekhta.org/authors/abdul-ghani-sheikh/stories
2026-02-16 15:25:46,010 - scraper.rekhta - INFO - Fetching stories from author 9/47: https://www.rekhta.org/authors/abdullah-husain/stories
2026-02-16 15:25:51,528 - scraper.rekhta - INFO - Fetching stories from author 10/47: https://www.rekhta.org/authors/abdussamad/stories
2026-02-16 15:25:58,659 - scraper.rekhta - INFO - Fetching stories from author 11/47: https://www.rekhta.org/authors/abid-suhail/stories
2026-02-16 15:26:05,336 - scraper.rekhta - INFO - Fetching stories from author 12/47: https://www.rekhta.org/authors/abrar-mojeeb/stories
2026-02-16 15:26:11,131 - scraper.rekhta - INFO - Fetching stories from author 13/47: https://www.rekhta.org/authors/abul-fazal-siddiqui/stories
2026-02-16 15:26:16,884 - scraper.rekhta - INFO - Fetching stories from author 14/47: https://www.rekhta.org/authors/adam-sher/stories
2026-02-16 15:26:26,173 - scraper.rekhta - INFO - Fetching stories from author 15/47: https://www.rekhta.org/authors/afsar-aazar/stories
2026-02-16 15:26:33,812 - scraper.rekhta - INFO - Fetching stories from author 16/47: https://www.rekhta.org/authors/afshan-malik/stories
2026-02-16 15:26:39,315 - scraper.rekhta - INFO - Fetching stories from author 17/47: https://www.rekhta.org/authors/agha-gul/stories
2026-02-16 15:27:31,511 - scraper.rekhta - INFO - Fetching stories from author 18/47: https://www.rekhta.org/authors/ahmad-ali/stories
2026-02-16 15:27:37,175 - scraper.rekhta - INFO - Fetching stories from author 19/47: https://www.rekhta.org/authors/ahmad-daood/stories
2026-02-16 15:27:44,128 - scraper.rekhta - INFO - Fetching stories from author 20/47: https://www.rekhta.org/authors/ahmad-hamesh/stories
2026-02-16 15:27:51,242 - scraper.rekhta - INFO - Fetching stories from author 21/47: https://www.rekhta.org/authors/ahmad-javeed/stories
2026-02-16 15:28:00,955 - scraper.rekhta - INFO - Fetching stories from author 22/47: https://www.rekhta.org/authors/ahmad-rasheed/stories
2026-02-16 15:28:13,144 - scraper.rekhta - INFO - Fetching stories from author 23/47: https://www.rekhta.org/authors/ahmad-sagheer/stories
2026-02-16 15:28:21,098 - scraper.rekhta - INFO - Fetching stories from author 24/47: https://www.rekhta.org/authors/ahmad-tufail/stories
2026-02-16 15:28:29,114 - scraper.rekhta - INFO - Fetching stories from author 25/47: https://www.rekhta.org/authors/ahmad-yusuf/stories
2026-02-16 15:28:37,417 - scraper.rekhta - INFO - Fetching stories from author 26/47: https://www.rekhta.org/authors/ahmad-zainuddin/stories
2026-02-16 15:28:42,174 - scraper.rekhta - INFO - Fetching stories from author 27/47: https://www.rekhta.org/authors/aiman-tanzeel-1/stories
2026-02-16 15:28:50,401 - scraper.rekhta - INFO - Fetching stories from author 28/47: https://www.rekhta.org/authors/ajmal-aijaz/stories
2026-02-16 15:28:57,527 - scraper.rekhta - INFO - Fetching stories from author 29/47: https://www.rekhta.org/authors/akhlaq-ahmad-1/stories
2026-02-16 15:29:05,836 - scraper.rekhta - INFO - Fetching stories from author 30/47: https://www.rekhta.org/authors/akhtar-husain-raipurii/stories
2026-02-16 15:29:15,160 - scraper.rekhta - INFO - Fetching stories from author 31/47: https://www.rekhta.org/authors/akhtar-jamal/stories
2026-02-16 15:29:21,917 - scraper.rekhta - INFO - Fetching stories from author 32/47: https://www.rekhta.org/authors/akhtar-orenwi/stories
2026-02-16 15:29:27,307 - scraper.rekhta - INFO - Fetching stories from author 33/47: https://www.rekhta.org/authors/ali-abbas-husaini/stories
2026-02-16 15:29:32,053 - scraper.rekhta - INFO - Fetching stories from author 34/47: https://www.rekhta.org/authors/ali-haidar-malik/stories
2026-02-16 15:29:39,216 - scraper.rekhta - INFO - Fetching stories from author 35/47: https://www.rekhta.org/authors/ali-imam-naqvi/stories
2026-02-16 15:29:46,267 - scraper.rekhta - INFO - Fetching stories from author 36/47: https://www.rekhta.org/authors/ali-tanha/stories
2026-02-16 15:29:54,283 - scraper.rekhta - INFO - Fetching stories from author 37/47: https://www.rekhta.org/authors/altaf-fatima-2/stories
2026-02-16 15:29:59,382 - scraper.rekhta - INFO - Fetching stories from author 38/47: https://www.rekhta.org/authors/amarkant/stories
2026-02-16 15:30:06,032 - scraper.rekhta - INFO - Fetching stories from author 39/47: https://www.rekhta.org/authors/amina-abul-hasan/stories
2026-02-16 15:30:16,015 - scraper.rekhta - INFO - Fetching stories from author 40/47: https://www.rekhta.org/authors/ammara-jahan/stories
2026-02-16 15:30:22,644 - scraper.rekhta - INFO - Fetching stories from author 41/47: https://www.rekhta.org/authors/amrita-pritam/stories
2026-02-16 15:30:29,928 - scraper.rekhta - INFO - Fetching stories from author 42/47: https://www.rekhta.org/authors/anand-yadav/stories
2026-02-16 15:30:38,041 - scraper.rekhta - INFO - Fetching stories from author 43/47: https://www.rekhta.org/authors/ananta-prasad-panda/stories
2026-02-16 15:30:50,052 - scraper.rekhta - INFO - Fetching stories from author 44/47: https://www.rekhta.org/authors/anjum-qidwai/stories
2026-02-16 15:30:59,307 - scraper.rekhta - INFO - Fetching stories from author 45/47: https://www.rekhta.org/authors/anwar-ahmad-1/stories
2026-02-16 15:31:06,948 - scraper.rekhta - INFO - Fetching stories from author 46/47: https://www.rekhta.org/authors/anwar-azeem/stories
2026-02-16 15:31:14,488 - scraper.rekhta - INFO - Fetching stories from author 47/47: https://www.rekhta.org/authors/anwar-khan/stories
2026-02-16 15:31:25,825 - scraper.rekhta - INFO - Collected 205 unique story URLs
2026-02-16 15:31:25,825 - scraper.rekhta - INFO - Found 205 potential story URLs
2026-02-16 15:31:25,825 - scraper.rekhta - INFO - Processing 1/1: https://www.rekhta.org/stories/aur-pul-toot-gaya-a-hameed-stories?lang=ur
2026-02-16 15:31:34,103 - scraper.rekhta - WARNING - Story skipped (invalid/empty): https://www.rekhta.org/stories/aur-pul-toot-gaya-a-hameed-stories?lang=ur
2026-02-16 15:31:34,104 - scraper.rekhta - INFO - Processing 2/1: https://www.rekhta.org/stories/eik-raat-a-hameed-stories?lang=ur
2026-02-16 15:31:41,288 - scraper.rekhta - WARNING - Story skipped (invalid/empty): https://www.rekhta.org/stories/eik-raat-a-hameed-stories?lang=ur
2026-02-16 15:31:41,288 - scraper.rekhta - INFO - Processing 3/1: https://www.rekhta.org/stories/manzil-manzil-a-hameed-stories?lang=ur
2026-02-16 15:31:52,319 - scraper.rekhta - INFO - Saved story: rekhta_manzil-manzil-a-hameed-stories
2026-02-16 15:31:52,319 - scraper.rekhta - INFO - Reached target of 1 stories
2026-02-16 15:31:52,319 - scraper.rekhta - INFO - Finished rekhta. Scraped 1 stories.
2026-02-16 15:32:57,608 - scraper.bbc_urdu - INFO - Fetching URLs from topic: https://www.bbc.com/urdu/topics/cjgn7n9zzq7t
2026-02-16 15:33:02,503 - scraper.bbc_urdu - INFO - Fetching URLs from topic: https://www.bbc.com/urdu/topics/cl8l9mveql2t
2026-02-16 15:33:06,562 - scraper.bbc_urdu - INFO - Fetching URLs from topic: https://www.bbc.com/urdu/topics/ckdxnx900n5t
2026-02-16 15:33:10,549 - scraper.bbc_urdu - INFO - Found 66 article URLs
2026-02-16 15:33:27,485 - scraper.rekhta - INFO - Starting scraping for rekhta
2026-02-16 15:33:27,486 - scraper.rekhta - INFO - Fetching author listing from: https://www.rekhta.org/stories
2026-02-16 15:33:40,634 - scraper.rekhta - INFO - Found 47 author pages
2026-02-16 15:33:40,635 - scraper.rekhta - INFO - Fetching stories from author 1/47: https://www.rekhta.org/authors/a-hameed/stories
2026-02-16 15:33:47,831 - scraper.bbc_urdu - INFO - Starting scraping for bbc_urdu
2026-02-16 15:33:47,831 - scraper.bbc_urdu - INFO - Fetching URLs from topic: https://www.bbc.com/urdu/topics/cjgn7n9zzq7t
2026-02-16 15:33:53,140 - scraper.bbc_urdu - INFO - Fetching URLs from topic: https://www.bbc.com/urdu/topics/cl8l9mveql2t
2026-02-16 15:33:53,598 - scraper.rekhta - INFO - Fetching stories from author 2/47: https://www.rekhta.org/authors/a-khayyam-1/stories
2026-02-16 15:33:57,712 - scraper.bbc_urdu - INFO - Fetching URLs from topic: https://www.bbc.com/urdu/topics/ckdxnx900n5t
2026-02-16 15:34:01,456 - scraper.rekhta - INFO - Fetching stories from author 3/47: https://www.rekhta.org/storywriter/aafiya-hameed/stories
2026-02-16 15:34:01,896 - scraper.bbc_urdu - INFO - Found 66 article URLs
2026-02-16 15:34:01,897 - scraper.bbc_urdu - INFO - Found 66 potential story URLs
2026-02-16 15:34:01,897 - scraper.bbc_urdu - INFO - Processing 1/60: https://www.bbc.com/urdu/articles/cp81324rpkko
2026-02-16 15:34:05,639 - scraper.bbc_urdu - WARNING - Story skipped (invalid/empty): https://www.bbc.com/urdu/articles/cp81324rpkko
2026-02-16 15:34:05,639 - scraper.bbc_urdu - INFO - Processing 2/60: https://www.bbc.com/urdu/articles/crm8700339do
2026-02-16 15:34:12,641 - scraper.bbc_urdu - INFO - Saved story: bbc_urdu_crm8700339do
2026-02-16 15:34:12,641 - scraper.bbc_urdu - INFO - Processing 3/60: https://www.bbc.com/urdu/articles/cm28gvm4pl0o
2026-02-16 15:34:18,561 - scraper.bbc_urdu - INFO - Saved story: bbc_urdu_cm28gvm4pl0o
2026-02-16 15:34:18,561 - scraper.bbc_urdu - INFO - Processing 4/60: https://www.bbc.com/urdu/articles/cp851jjjymmo
2026-02-16 15:34:18,999 - scraper.rekhta - INFO - Fetching stories from author 4/47: https://www.rekhta.org/authors/aagha-babar/stories
2026-02-16 15:34:23,511 - scraper.bbc_urdu - INFO - Saved story: bbc_urdu_cp851jjjymmo
2026-02-16 15:34:23,511 - scraper.bbc_urdu - INFO - Processing 5/60: https://www.bbc.com/urdu/articles/c0e5w5z2yngo
2026-02-16 15:34:26,674 - scraper.rekhta - INFO - Fetching stories from author 5/47: https://www.rekhta.org/authors/abdal-bela/stories
2026-02-16 15:34:28,475 - scraper.bbc_urdu - INFO - Saved story: bbc_urdu_c0e5w5z2yngo
2026-02-16 15:34:28,475 - scraper.bbc_urdu - INFO - Processing 6/60: https://www.bbc.com/urdu/articles/cdxz9d0wg70o
2026-02-16 15:34:32,346 - scraper.bbc_urdu - INFO - Saved story: bbc_urdu_cdxz9d0wg70o
2026-02-16 15:34:32,346 - scraper.bbc_urdu - INFO - Processing 7/60: https://www.bbc.com/urdu/articles/c93vey0gxjjo
2026-02-16 15:34:34,958 - scraper.rekhta - INFO - Fetching stories from author 6/47: https://www.rekhta.org/authors/abdul-aziz-khan/stories
2026-02-16 15:34:36,107 - scraper.bbc_urdu - INFO - Saved story: bbc_urdu_c93vey0gxjjo
2026-02-16 15:34:36,107 - scraper.bbc_urdu - INFO - Processing 8/60: https://www.bbc.com/urdu/articles/cn0ex49jwwno
2026-02-16 15:34:40,234 - scraper.bbc_urdu - INFO - Saved story: bbc_urdu_cn0ex49jwwno
2026-02-16 15:34:40,234 - scraper.bbc_urdu - INFO - Processing 9/60: https://www.bbc.com/urdu/articles/cp321y2qp4eo
2026-02-16 15:34:43,436 - scraper.rekhta - INFO - Fetching stories from author 7/47: https://www.rekhta.org/authors/abdul-bismillah/stories
2026-02-16 15:34:44,203 - scraper.bbc_urdu - INFO - Saved story: bbc_urdu_cp321y2qp4eo
2026-02-16 15:34:44,203 - scraper.bbc_urdu - INFO - Processing 10/60: https://www.bbc.com/urdu/articles/c3wlq0x49dvo
2026-02-16 15:34:47,399 - scraper.bbc_urdu - INFO - Saved story: bbc_urdu_c3wlq0x49dvo
2026-02-16 15:34:47,399 - scraper.bbc_urdu - INFO - Processing 11/60: https://www.bbc.com/urdu/articles/czx4570196do
2026-02-16 15:34:49,789 - scraper.rekhta - INFO - Fetching stories from author 8/47: https://www.rekhta.org/authors/abdul-ghani-sheikh/stories
2026-02-16 15:34:53,416 - scraper.bbc_urdu - INFO - Saved story: bbc_urdu_czx4570196do
2026-02-16 15:34:53,416 - scraper.bbc_urdu - INFO - Processing 12/60: https://www.bbc.com/urdu/articles/cwyk4prj06jo
2026-02-16 15:34:57,868 - scraper.rekhta - INFO - Fetching stories from author 9/47: https://www.rekhta.org/authors/abdullah-husain/stories
2026-02-16 15:34:58,779 - scraper.bbc_urdu - INFO - Saved story: bbc_urdu_cwyk4prj06jo
2026-02-16 15:34:58,779 - scraper.bbc_urdu - INFO - Processing 13/60: https://www.bbc.com/urdu/articles/c1jk0l4nz9eo
2026-02-16 15:35:03,099 - scraper.bbc_urdu - INFO - Saved story: bbc_urdu_c1jk0l4nz9eo
2026-02-16 15:35:03,099 - scraper.bbc_urdu - INFO - Processing 14/60: https://www.bbc.com/urdu/articles/c39wn2lxvrjo
2026-02-16 15:35:04,543 - scraper.rekhta - INFO - Fetching stories from author 10/47: https://www.rekhta.org/authors/abdussamad/stories
2026-02-16 15:35:09,695 - scraper.bbc_urdu - INFO - Saved story: bbc_urdu_c39wn2lxvrjo
2026-02-16 15:35:09,695 - scraper.bbc_urdu - INFO - Processing 15/60: https://www.bbc.com/urdu/articles/cy5q6kw64eeo
2026-02-16 15:35:13,604 - scraper.rekhta - INFO - Fetching stories from author 11/47: https://www.rekhta.org/authors/abid-suhail/stories
2026-02-16 15:35:18,250 - scraper.bbc_urdu - INFO - Saved story: bbc_urdu_cy5q6kw64eeo
2026-02-16 15:35:18,250 - scraper.bbc_urdu - INFO - Processing 16/60: https://www.bbc.com/urdu/articles/cn0kpw65ylwo
2026-02-16 15:35:20,378 - scraper.rekhta - INFO - Fetching stories from author 12/47: https://www.rekhta.org/authors/abrar-mojeeb/stories
2026-02-16 15:35:23,939 - scraper.bbc_urdu - INFO - Saved story: bbc_urdu_cn0kpw65ylwo
2026-02-16 15:35:23,940 - scraper.bbc_urdu - INFO - Processing 17/60: https://www.bbc.com/urdu/articles/c0e5nd8j8wwo
2026-02-16 15:35:34,077 - scraper.rekhta - INFO - Fetching stories from author 13/47: https://www.rekhta.org/authors/abul-fazal-siddiqui/stories
2026-02-16 15:35:41,752 - scraper.rekhta - INFO - Fetching stories from author 14/47: https://www.rekhta.org/authors/adam-sher/stories
2026-02-16 15:35:48,872 - scraper.rekhta - INFO - Fetching stories from author 15/47: https://www.rekhta.org/authors/afsar-aazar/stories
2026-02-16 15:36:02,311 - scraper.rekhta - INFO - Fetching stories from author 16/47: https://www.rekhta.org/authors/afshan-malik/stories
2026-02-16 15:36:05,447 - scraper.bbc_urdu - WARNING - Attempt 1/3 failed for https://www.bbc.com/urdu/articles/c0e5nd8j8wwo: HTTPSConnectionPool(host='www.bbc.com', port=443): Read timed out.
2026-02-16 15:36:10,166 - scraper.rekhta - INFO - Fetching stories from author 17/47: https://www.rekhta.org/authors/agha-gul/stories
2026-02-16 15:36:22,119 - scraper.rekhta - INFO - Fetching stories from author 18/47: https://www.rekhta.org/authors/ahmad-ali/stories
2026-02-16 15:36:26,744 - scraper.bbc_urdu - WARNING - Attempt 2/3 failed for https://www.bbc.com/urdu/articles/c0e5nd8j8wwo: HTTPSConnectionPool(host='www.bbc.com', port=443): Max retries exceeded with url: /urdu/articles/c0e5nd8j8wwo (Caused by NameResolutionError("HTTPSConnection(host='www.bbc.com', port=443): Failed to resolve 'www.bbc.com' ([Errno 11001] getaddrinfo failed)"))
2026-02-16 15:36:31,695 - scraper.rekhta - INFO - Fetching stories from author 19/47: https://www.rekhta.org/authors/ahmad-daood/stories
2026-02-16 15:36:39,740 - scraper.rekhta - INFO - Fetching stories from author 20/47: https://www.rekhta.org/authors/ahmad-hamesh/stories
2026-02-16 15:36:45,682 - scraper.bbc_urdu - INFO - Saved story: bbc_urdu_c0e5nd8j8wwo
2026-02-16 15:36:45,682 - scraper.bbc_urdu - INFO - Processing 18/60: https://www.bbc.com/urdu/articles/cp817e8y6nwo
2026-02-16 15:36:48,263 - scraper.rekhta - INFO - Fetching stories from author 21/47: https://www.rekhta.org/authors/ahmad-javeed/stories
2026-02-16 15:36:50,888 - scraper.bbc_urdu - INFO - Saved story: bbc_urdu_cp817e8y6nwo
2026-02-16 15:36:50,888 - scraper.bbc_urdu - INFO - Processing 19/60: https://www.bbc.com/urdu/articles/c7439wx8l1xo
2026-02-16 15:36:57,728 - scraper.bbc_urdu - INFO - Saved story: bbc_urdu_c7439wx8l1xo
2026-02-16 15:36:57,728 - scraper.bbc_urdu - INFO - Processing 20/60: https://www.bbc.com/urdu/articles/cr5ln0qd2q8o
2026-02-16 15:36:59,901 - scraper.rekhta - INFO - Fetching stories from author 22/47: https://www.rekhta.org/authors/ahmad-rasheed/stories
2026-02-16 15:37:03,347 - scraper.bbc_urdu - INFO - Saved story: bbc_urdu_cr5ln0qd2q8o
2026-02-16 15:37:03,347 - scraper.bbc_urdu - INFO - Processing 21/60: https://www.bbc.com/urdu/articles/c0rjw02rdz7o
2026-02-16 15:37:06,464 - scraper.rekhta - INFO - Fetching stories from author 23/47: https://www.rekhta.org/authors/ahmad-sagheer/stories
2026-02-16 15:37:08,441 - scraper.bbc_urdu - INFO - Saved story: bbc_urdu_c0rjw02rdz7o
2026-02-16 15:37:08,441 - scraper.bbc_urdu - INFO - Processing 22/60: https://www.bbc.com/urdu/live/cwygxyd17y0t
2026-02-16 15:37:12,030 - scraper.bbc_urdu - WARNING - Story skipped (invalid/empty): https://www.bbc.com/urdu/live/cwygxyd17y0t
2026-02-16 15:37:12,031 - scraper.bbc_urdu - INFO - Processing 23/60: https://www.bbc.com/urdu/live/cx2r5derl0qt
2026-02-16 15:37:13,036 - scraper.rekhta - INFO - Fetching stories from author 24/47: https://www.rekhta.org/authors/ahmad-tufail/stories
2026-02-16 15:37:15,640 - scraper.bbc_urdu - WARNING - Story skipped (invalid/empty): https://www.bbc.com/urdu/live/cx2r5derl0qt
2026-02-16 15:37:15,640 - scraper.bbc_urdu - INFO - Processing 24/60: https://www.bbc.com/urdu/articles/cedznjq3x62o
2026-02-16 15:37:19,232 - scraper.rekhta - INFO - Fetching stories from author 25/47: https://www.rekhta.org/authors/ahmad-yusuf/stories
2026-02-16 15:37:20,241 - scraper.bbc_urdu - INFO - Saved story: bbc_urdu_cedznjq3x62o
2026-02-16 15:37:20,241 - scraper.bbc_urdu - INFO - Processing 25/60: https://www.bbc.com/urdu/articles/c24d7y0j2rqo
2026-02-16 15:37:24,438 - scraper.bbc_urdu - INFO - Saved story: bbc_urdu_c24d7y0j2rqo
2026-02-16 15:37:24,438 - scraper.bbc_urdu - INFO - Processing 26/60: https://www.bbc.com/urdu/articles/ckgl9xp2xkko
2026-02-16 15:37:25,299 - scraper.rekhta - INFO - Fetching stories from author 26/47: https://www.rekhta.org/authors/ahmad-zainuddin/stories
2026-02-16 15:37:28,214 - scraper.bbc_urdu - INFO - Saved story: bbc_urdu_ckgl9xp2xkko
2026-02-16 15:37:28,214 - scraper.bbc_urdu - INFO - Processing 27/60: https://www.bbc.com/urdu/articles/cm213d56p2mo
2026-02-16 15:37:31,276 - scraper.rekhta - INFO - Fetching stories from author 27/47: https://www.rekhta.org/authors/aiman-tanzeel-1/stories
2026-02-16 15:37:31,426 - scraper.bbc_urdu - INFO - Saved story: bbc_urdu_cm213d56p2mo
2026-02-16 15:37:31,426 - scraper.bbc_urdu - INFO - Processing 28/60: https://www.bbc.com/urdu/articles/cp9mxzp9p8jo
2026-02-16 15:37:35,578 - scraper.bbc_urdu - INFO - Saved story: bbc_urdu_cp9mxzp9p8jo
2026-02-16 15:37:35,578 - scraper.bbc_urdu - INFO - Processing 29/60: https://www.bbc.com/urdu/articles/cy5739dk9dyo
2026-02-16 15:37:37,276 - scraper.rekhta - INFO - Fetching stories from author 28/47: https://www.rekhta.org/authors/ajmal-aijaz/stories
2026-02-16 15:37:39,614 - scraper.bbc_urdu - INFO - Saved story: bbc_urdu_cy5739dk9dyo
2026-02-16 15:37:39,614 - scraper.bbc_urdu - INFO - Processing 30/60: https://www.bbc.com/urdu/articles/c1780ywdp91o
2026-02-16 15:37:43,324 - scraper.rekhta - INFO - Fetching stories from author 29/47: https://www.rekhta.org/authors/akhlaq-ahmad-1/stories
2026-02-16 15:37:44,112 - scraper.bbc_urdu - INFO - Saved story: bbc_urdu_c1780ywdp91o
2026-02-16 15:37:44,112 - scraper.bbc_urdu - INFO - Processing 31/60: https://www.bbc.com/urdu/articles/c363ep7387go
2026-02-16 15:37:48,302 - scraper.rekhta - INFO - Fetching stories from author 30/47: https://www.rekhta.org/authors/akhtar-husain-raipurii/stories
2026-02-16 15:37:48,411 - scraper.bbc_urdu - INFO - Saved story: bbc_urdu_c363ep7387go
2026-02-16 15:37:48,411 - scraper.bbc_urdu - INFO - Processing 32/60: https://www.bbc.com/urdu/articles/cy4k4z7q5y2o
2026-02-16 15:37:52,663 - scraper.bbc_urdu - INFO - Saved story: bbc_urdu_cy4k4z7q5y2o
2026-02-16 15:37:52,663 - scraper.bbc_urdu - INFO - Processing 33/60: https://www.bbc.com/urdu/articles/cn0e13nrjy4o
2026-02-16 15:37:53,629 - scraper.rekhta - INFO - Fetching stories from author 31/47: https://www.rekhta.org/authors/akhtar-jamal/stories
2026-02-16 15:37:55,964 - scraper.bbc_urdu - INFO - Saved story: bbc_urdu_cn0e13nrjy4o
2026-02-16 15:37:55,966 - scraper.bbc_urdu - INFO - Processing 34/60: https://www.bbc.com/urdu/articles/cre0jrjn28eo
2026-02-16 15:37:58,401 - scraper.rekhta - INFO - Fetching stories from author 32/47: https://www.rekhta.org/authors/akhtar-orenwi/stories
2026-02-16 15:37:59,405 - scraper.bbc_urdu - INFO - Saved story: bbc_urdu_cre0jrjn28eo
2026-02-16 15:37:59,406 - scraper.bbc_urdu - INFO - Processing 35/60: https://www.bbc.com/urdu/articles/cedz0xd2454o
2026-02-16 15:38:03,891 - scraper.bbc_urdu - WARNING - Story skipped (invalid/empty): https://www.bbc.com/urdu/articles/cedz0xd2454o
2026-02-16 15:38:03,891 - scraper.bbc_urdu - INFO - Processing 36/60: https://www.bbc.com/urdu/articles/czx7gyx222xo
2026-02-16 15:38:03,938 - scraper.rekhta - INFO - Fetching stories from author 33/47: https://www.rekhta.org/authors/ali-abbas-husaini/stories
2026-02-16 15:38:07,788 - scraper.bbc_urdu - INFO - Saved story: bbc_urdu_czx7gyx222xo
2026-02-16 15:38:07,789 - scraper.bbc_urdu - INFO - Processing 37/60: https://www.bbc.com/urdu/articles/c1l74mdd4q3o
2026-02-16 15:38:08,652 - scraper.rekhta - INFO - Fetching stories from author 34/47: https://www.rekhta.org/authors/ali-haidar-malik/stories
2026-02-16 15:38:11,061 - scraper.bbc_urdu - INFO - Saved story: bbc_urdu_c1l74mdd4q3o
2026-02-16 15:38:11,061 - scraper.bbc_urdu - INFO - Processing 38/60: https://www.bbc.com/urdu/articles/cg4gy9xdqw2o
2026-02-16 15:38:14,553 - scraper.rekhta - INFO - Fetching stories from author 35/47: https://www.rekhta.org/authors/ali-imam-naqvi/stories
2026-02-16 15:38:14,825 - scraper.bbc_urdu - INFO - Saved story: bbc_urdu_cg4gy9xdqw2o
2026-02-16 15:38:14,825 - scraper.bbc_urdu - INFO - Processing 39/60: https://www.bbc.com/urdu/articles/c5yvyv3ql33o
2026-02-16 15:38:18,435 - scraper.bbc_urdu - INFO - Saved story: bbc_urdu_c5yvyv3ql33o
2026-02-16 15:38:18,435 - scraper.bbc_urdu - INFO - Processing 40/60: https://www.bbc.com/urdu/articles/c9wnjeq4evno
2026-02-16 15:38:19,213 - scraper.rekhta - INFO - Fetching stories from author 36/47: https://www.rekhta.org/authors/ali-tanha/stories
2026-02-16 15:38:22,063 - scraper.bbc_urdu - INFO - Saved story: bbc_urdu_c9wnjeq4evno
2026-02-16 15:38:22,063 - scraper.bbc_urdu - INFO - Processing 41/60: https://www.bbc.com/urdu/articles/c0jeyqd72q9o
2026-02-16 15:38:25,183 - scraper.rekhta - INFO - Fetching stories from author 37/47: https://www.rekhta.org/authors/altaf-fatima-2/stories
2026-02-16 15:38:25,837 - scraper.bbc_urdu - INFO - Saved story: bbc_urdu_c0jeyqd72q9o
2026-02-16 15:38:25,837 - scraper.bbc_urdu - INFO - Processing 42/60: https://www.bbc.com/urdu/articles/cgm4meykz9lo
2026-02-16 15:38:30,008 - scraper.bbc_urdu - INFO - Saved story: bbc_urdu_cgm4meykz9lo
2026-02-16 15:38:30,008 - scraper.bbc_urdu - INFO - Processing 43/60: https://www.bbc.com/urdu/articles/c39wnlx9enxo
2026-02-16 15:38:31,152 - scraper.rekhta - INFO - Fetching stories from author 38/47: https://www.rekhta.org/authors/amarkant/stories
2026-02-16 15:38:34,120 - scraper.bbc_urdu - INFO - Saved story: bbc_urdu_c39wnlx9enxo
2026-02-16 15:38:34,120 - scraper.bbc_urdu - INFO - Processing 44/60: https://www.bbc.com/urdu/articles/cp9jp84111ko
2026-02-16 15:38:35,865 - scraper.rekhta - INFO - Fetching stories from author 39/47: https://www.rekhta.org/authors/amina-abul-hasan/stories
2026-02-16 15:38:38,002 - scraper.bbc_urdu - INFO - Saved story: bbc_urdu_cp9jp84111ko
2026-02-16 15:38:38,002 - scraper.bbc_urdu - INFO - Processing 45/60: https://www.bbc.com/urdu/articles/cq6vjjn4gmdo
2026-02-16 15:38:41,051 - scraper.rekhta - INFO - Fetching stories from author 40/47: https://www.rekhta.org/authors/ammara-jahan/stories
2026-02-16 15:38:41,836 - scraper.bbc_urdu - INFO - Saved story: bbc_urdu_cq6vjjn4gmdo
2026-02-16 15:38:41,836 - scraper.bbc_urdu - INFO - Processing 46/60: https://www.bbc.com/urdu/articles/cwy885gj551o
2026-02-16 15:38:45,835 - scraper.bbc_urdu - INFO - Saved story: bbc_urdu_cwy885gj551o
2026-02-16 15:38:45,835 - scraper.bbc_urdu - INFO - Processing 47/60: https://www.bbc.com/urdu/articles/c1wz99p29pzo
2026-02-16 15:38:47,026 - scraper.rekhta - INFO - Fetching stories from author 41/47: https://www.rekhta.org/authors/amrita-pritam/stories
2026-02-16 15:38:50,173 - scraper.bbc_urdu - INFO - Saved story: bbc_urdu_c1wz99p29pzo
2026-02-16 15:38:50,173 - scraper.bbc_urdu - INFO - Processing 48/60: https://www.bbc.com/urdu/articles/c3ve1wgl3g1o
2026-02-16 15:38:52,860 - scraper.rekhta - INFO - Fetching stories from author 42/47: https://www.rekhta.org/authors/anand-yadav/stories
2026-02-16 15:38:54,521 - scraper.bbc_urdu - INFO - Saved story: bbc_urdu_c3ve1wgl3g1o
2026-02-16 15:38:54,521 - scraper.bbc_urdu - INFO - Processing 49/60: https://www.bbc.com/urdu/articles/cd0y7kke0rvo
2026-02-16 15:38:57,824 - scraper.rekhta - INFO - Fetching stories from author 43/47: https://www.rekhta.org/authors/ananta-prasad-panda/stories
2026-02-16 15:38:58,386 - scraper.bbc_urdu - INFO - Saved story: bbc_urdu_cd0y7kke0rvo
2026-02-16 15:38:58,386 - scraper.bbc_urdu - INFO - Processing 50/60: https://www.bbc.com/urdu/articles/cyv5ql3dn24o
2026-02-16 15:39:02,008 - scraper.bbc_urdu - INFO - Saved story: bbc_urdu_cyv5ql3dn24o
2026-02-16 15:39:02,009 - scraper.bbc_urdu - INFO - Processing 51/60: https://www.bbc.com/urdu/articles/cd6w5481j28o
2026-02-16 15:39:03,240 - scraper.rekhta - INFO - Fetching stories from author 44/47: https://www.rekhta.org/authors/anjum-qidwai/stories
2026-02-16 15:39:06,467 - scraper.bbc_urdu - INFO - Saved story: bbc_urdu_cd6w5481j28o
2026-02-16 15:39:06,467 - scraper.bbc_urdu - INFO - Processing 52/60: https://www.bbc.com/urdu/articles/cwyvezw2q78o
2026-02-16 15:39:09,292 - scraper.rekhta - INFO - Fetching stories from author 45/47: https://www.rekhta.org/authors/anwar-ahmad-1/stories
2026-02-16 15:39:11,104 - scraper.bbc_urdu - INFO - Saved story: bbc_urdu_cwyvezw2q78o
2026-02-16 15:39:11,104 - scraper.bbc_urdu - INFO - Processing 53/60: https://www.bbc.com/urdu/articles/c0r4g12qygpo
2026-02-16 15:39:14,386 - scraper.rekhta - INFO - Fetching stories from author 46/47: https://www.rekhta.org/authors/anwar-azeem/stories
2026-02-16 15:39:15,125 - scraper.bbc_urdu - INFO - Saved story: bbc_urdu_c0r4g12qygpo
2026-02-16 15:39:15,125 - scraper.bbc_urdu - INFO - Processing 54/60: https://www.bbc.com/urdu/articles/cddg4p65jlqo
2026-02-16 15:39:18,955 - scraper.bbc_urdu - INFO - Saved story: bbc_urdu_cddg4p65jlqo
2026-02-16 15:39:18,956 - scraper.bbc_urdu - INFO - Processing 55/60: https://www.bbc.com/urdu/articles/c8rmxprxr1ko
2026-02-16 15:39:19,738 - scraper.rekhta - INFO - Fetching stories from author 47/47: https://www.rekhta.org/authors/anwar-khan/stories
2026-02-16 15:39:23,733 - scraper.bbc_urdu - WARNING - Story skipped (invalid/empty): https://www.bbc.com/urdu/articles/c8rmxprxr1ko
2026-02-16 15:39:23,735 - scraper.bbc_urdu - INFO - Processing 56/60: https://www.bbc.com/urdu/articles/ckg9gg819yeo
2026-02-16 15:49:01,486 - scraper.bbc_urdu - WARNING - Attempt 1/3 failed for https://www.bbc.com/urdu/articles/ckg9gg819yeo: HTTPSConnectionPool(host='www.bbc.com', port=443): Max retries exceeded with url: /urdu/articles/ckg9gg819yeo (Caused by NameResolutionError("HTTPSConnection(host='www.bbc.com', port=443): Failed to resolve 'www.bbc.com' ([Errno 11001] getaddrinfo failed)"))
2026-02-16 15:49:03,059 - scraper.rekhta - INFO - Collected 205 unique story URLs
2026-02-16 15:49:03,059 - scraper.rekhta - INFO - Found 205 potential story URLs
2026-02-16 15:49:03,059 - scraper.rekhta - INFO - Processing 1/200: https://www.rekhta.org/stories/aur-pul-toot-gaya-a-hameed-stories?lang=ur
2026-02-16 16:20:28,793 - scraper.rekhta - WARNING - Attempt 1/3 failed for https://www.rekhta.org/stories/aur-pul-toot-gaya-a-hameed-stories?lang=ur: HTTPSConnectionPool(host='www.rekhta.org', port=443): Max retries exceeded with url: /stories/aur-pul-toot-gaya-a-hameed-stories?lang=ur (Caused by NameResolutionError("HTTPSConnection(host='www.rekhta.org', port=443): Failed to resolve 'www.rekhta.org' ([Errno 11001] getaddrinfo failed)"))
2026-02-16 16:20:33,273 - scraper.bbc_urdu - WARNING - Attempt 2/3 failed for https://www.bbc.com/urdu/articles/ckg9gg819yeo: HTTPSConnectionPool(host='www.bbc.com', port=443): Max retries exceeded with url: /urdu/articles/ckg9gg819yeo (Caused by NameResolutionError("HTTPSConnection(host='www.bbc.com', port=443): Failed to resolve 'www.bbc.com' ([Errno 11001] getaddrinfo failed)"))
2026-02-16 16:20:38,197 - scraper.rekhta - WARNING - Attempt 2/3 failed for https://www.rekhta.org/stories/aur-pul-toot-gaya-a-hameed-stories?lang=ur: HTTPSConnectionPool(host='www.rekhta.org', port=443): Max retries exceeded with url: /stories/aur-pul-toot-gaya-a-hameed-stories?lang=ur (Caused by NameResolutionError("HTTPSConnection(host='www.rekhta.org', port=443): Failed to resolve 'www.rekhta.org' ([Errno 11001] getaddrinfo failed)"))
2026-02-16 16:20:47,462 - scraper.bbc_urdu - WARNING - Attempt 3/3 failed for https://www.bbc.com/urdu/articles/ckg9gg819yeo: HTTPSConnectionPool(host='www.bbc.com', port=443): Max retries exceeded with url: /urdu/articles/ckg9gg819yeo (Caused by NameResolutionError("HTTPSConnection(host='www.bbc.com', port=443): Failed to resolve 'www.bbc.com' ([Errno 11001] getaddrinfo failed)"))
2026-02-16 16:20:47,462 - scraper.bbc_urdu - ERROR - Failed to fetch https://www.bbc.com/urdu/articles/ckg9gg819yeo after 3 attempts
2026-02-16 16:20:47,462 - scraper.bbc_urdu - WARNING - Story skipped (invalid/empty): https://www.bbc.com/urdu/articles/ckg9gg819yeo
2026-02-16 16:20:47,462 - scraper.bbc_urdu - INFO - Processing 57/60: https://www.bbc.com/urdu/articles/cp343xq0y2lo
2026-02-16 16:20:50,671 - scraper.bbc_urdu - WARNING - Attempt 1/3 failed for https://www.bbc.com/urdu/articles/cp343xq0y2lo: HTTPSConnectionPool(host='www.bbc.com', port=443): Max retries exceeded with url: /urdu/articles/cp343xq0y2lo (Caused by NameResolutionError("HTTPSConnection(host='www.bbc.com', port=443): Failed to resolve 'www.bbc.com' ([Errno 11001] getaddrinfo failed)"))
2026-02-16 16:20:52,120 - scraper.rekhta - WARNING - Attempt 3/3 failed for https://www.rekhta.org/stories/aur-pul-toot-gaya-a-hameed-stories?lang=ur: HTTPSConnectionPool(host='www.rekhta.org', port=443): Max retries exceeded with url: /stories/aur-pul-toot-gaya-a-hameed-stories?lang=ur (Caused by NameResolutionError("HTTPSConnection(host='www.rekhta.org', port=443): Failed to resolve 'www.rekhta.org' ([Errno 11001] getaddrinfo failed)"))
2026-02-16 16:20:52,120 - scraper.rekhta - ERROR - Failed to fetch https://www.rekhta.org/stories/aur-pul-toot-gaya-a-hameed-stories?lang=ur after 3 attempts
2026-02-16 16:20:52,120 - scraper.rekhta - WARNING - Story skipped (invalid/empty): https://www.rekhta.org/stories/aur-pul-toot-gaya-a-hameed-stories?lang=ur
2026-02-16 16:20:52,120 - scraper.rekhta - INFO - Processing 2/200: https://www.rekhta.org/stories/eik-raat-a-hameed-stories?lang=ur
2026-02-16 16:20:56,199 - scraper.rekhta - WARNING - Attempt 1/3 failed for https://www.rekhta.org/stories/eik-raat-a-hameed-stories?lang=ur: HTTPSConnectionPool(host='www.rekhta.org', port=443): Max retries exceeded with url: /stories/eik-raat-a-hameed-stories?lang=ur (Caused by NameResolutionError("HTTPSConnection(host='www.rekhta.org', port=443): Failed to resolve 'www.rekhta.org' ([Errno 11001] getaddrinfo failed)"))
2026-02-16 16:20:59,810 - scraper.bbc_urdu - WARNING - Attempt 2/3 failed for https://www.bbc.com/urdu/articles/cp343xq0y2lo: HTTPSConnectionPool(host='www.bbc.com', port=443): Max retries exceeded with url: /urdu/articles/cp343xq0y2lo (Caused by NameResolutionError("HTTPSConnection(host='www.bbc.com', port=443): Failed to resolve 'www.bbc.com' ([Errno 11001] getaddrinfo failed)"))
2026-02-16 16:21:16,459 - scraper.rekhta - WARNING - Attempt 2/3 failed for https://www.rekhta.org/stories/eik-raat-a-hameed-stories?lang=ur: HTTPSConnectionPool(host='www.rekhta.org', port=443): Max retries exceeded with url: /stories/eik-raat-a-hameed-stories?lang=ur (Caused by NameResolutionError("HTTPSConnection(host='www.rekhta.org', port=443): Failed to resolve 'www.rekhta.org' ([Errno 11001] getaddrinfo failed)"))
2026-02-16 16:21:25,220 - scraper.bbc_urdu - WARNING - Attempt 3/3 failed for https://www.bbc.com/urdu/articles/cp343xq0y2lo: HTTPSConnectionPool(host='www.bbc.com', port=443): Max retries exceeded with url: /urdu/articles/cp343xq0y2lo (Caused by NameResolutionError("HTTPSConnection(host='www.bbc.com', port=443): Failed to resolve 'www.bbc.com' ([Errno 11001] getaddrinfo failed)"))
2026-02-16 16:21:25,222 - scraper.bbc_urdu - ERROR - Failed to fetch https://www.bbc.com/urdu/articles/cp343xq0y2lo after 3 attempts
2026-02-16 16:21:25,222 - scraper.bbc_urdu - WARNING - Story skipped (invalid/empty): https://www.bbc.com/urdu/articles/cp343xq0y2lo
2026-02-16 16:21:25,222 - scraper.bbc_urdu - INFO - Processing 58/60: https://www.bbc.com/urdu/articles/cm202vnvlmpo
2026-02-16 16:21:40,646 - scraper.bbc_urdu - WARNING - Attempt 1/3 failed for https://www.bbc.com/urdu/articles/cm202vnvlmpo: HTTPSConnectionPool(host='www.bbc.com', port=443): Max retries exceeded with url: /urdu/articles/cm202vnvlmpo (Caused by NameResolutionError("HTTPSConnection(host='www.bbc.com', port=443): Failed to resolve 'www.bbc.com' ([Errno 11001] getaddrinfo failed)"))
2026-02-16 16:21:42,103 - scraper.rekhta - WARNING - Attempt 3/3 failed for https://www.rekhta.org/stories/eik-raat-a-hameed-stories?lang=ur: HTTPSConnectionPool(host='www.rekhta.org', port=443): Max retries exceeded with url: /stories/eik-raat-a-hameed-stories?lang=ur (Caused by NameResolutionError("HTTPSConnection(host='www.rekhta.org', port=443): Failed to resolve 'www.rekhta.org' ([Errno 11001] getaddrinfo failed)"))
2026-02-16 16:21:42,103 - scraper.rekhta - ERROR - Failed to fetch https://www.rekhta.org/stories/eik-raat-a-hameed-stories?lang=ur after 3 attempts
2026-02-16 16:21:42,103 - scraper.rekhta - WARNING - Story skipped (invalid/empty): https://www.rekhta.org/stories/eik-raat-a-hameed-stories?lang=ur
2026-02-16 16:21:42,103 - scraper.rekhta - INFO - Processing 3/200: https://www.rekhta.org/stories/manzil-manzil-a-hameed-stories?lang=ur
2026-02-16 16:21:57,747 - scraper.rekhta - WARNING - Attempt 1/3 failed for https://www.rekhta.org/stories/manzil-manzil-a-hameed-stories?lang=ur: HTTPSConnectionPool(host='www.rekhta.org', port=443): Max retries exceeded with url: /stories/manzil-manzil-a-hameed-stories?lang=ur (Caused by NameResolutionError("HTTPSConnection(host='www.rekhta.org', port=443): Failed to resolve 'www.rekhta.org' ([Errno 11001] getaddrinfo failed)"))
2026-02-16 16:22:18,524 - scraper.rekhta - WARNING - Attempt 2/3 failed for https://www.rekhta.org/stories/manzil-manzil-a-hameed-stories?lang=ur: HTTPSConnectionPool(host='www.rekhta.org', port=443): Max retries exceeded with url: /stories/manzil-manzil-a-hameed-stories?lang=ur (Caused by NameResolutionError("HTTPSConnection(host='www.rekhta.org', port=443): Failed to resolve 'www.rekhta.org' ([Errno 11001] getaddrinfo failed)"))
2026-02-16 16:22:27,071 - scraper.bbc_urdu - WARNING - Attempt 2/3 failed for https://www.bbc.com/urdu/articles/cm202vnvlmpo: HTTPSConnectionPool(host='www.bbc.com', port=443): Read timed out. (read timeout=30)
2026-02-16 16:22:44,081 - scraper.rekhta - WARNING - Attempt 3/3 failed for https://www.rekhta.org/stories/manzil-manzil-a-hameed-stories?lang=ur: HTTPSConnectionPool(host='www.rekhta.org', port=443): Max retries exceeded with url: /stories/manzil-manzil-a-hameed-stories?lang=ur (Caused by NameResolutionError("HTTPSConnection(host='www.rekhta.org', port=443): Failed to resolve 'www.rekhta.org' ([Errno 11001] getaddrinfo failed)"))
2026-02-16 16:22:44,081 - scraper.rekhta - ERROR - Failed to fetch https://www.rekhta.org/stories/manzil-manzil-a-hameed-stories?lang=ur after 3 attempts
2026-02-16 16:22:44,081 - scraper.rekhta - WARNING - Story skipped (invalid/empty): https://www.rekhta.org/stories/manzil-manzil-a-hameed-stories?lang=ur
2026-02-16 16:22:44,081 - scraper.rekhta - INFO - Processing 4/200: https://www.rekhta.org/stories/mitti-ki-mona-liza-a-hameed-stories?lang=ur
2026-02-16 16:22:53,265 - scraper.bbc_urdu - WARNING - Attempt 3/3 failed for https://www.bbc.com/urdu/articles/cm202vnvlmpo: HTTPSConnectionPool(host='www.bbc.com', port=443): Max retries exceeded with url: /urdu/articles/cm202vnvlmpo (Caused by NameResolutionError("HTTPSConnection(host='www.bbc.com', port=443): Failed to resolve 'www.bbc.com' ([Errno 11001] getaddrinfo failed)"))
2026-02-16 16:22:53,265 - scraper.bbc_urdu - ERROR - Failed to fetch https://www.bbc.com/urdu/articles/cm202vnvlmpo after 3 attempts
2026-02-16 16:22:53,266 - scraper.bbc_urdu - WARNING - Story skipped (invalid/empty): https://www.bbc.com/urdu/articles/cm202vnvlmpo
2026-02-16 16:22:53,266 - scraper.bbc_urdu - INFO - Processing 59/60: https://www.bbc.com/urdu/articles/cpq4rd2devxo
2026-02-16 16:22:59,843 - scraper.rekhta - WARNING - Attempt 1/3 failed for https://www.rekhta.org/stories/mitti-ki-mona-liza-a-hameed-stories?lang=ur: HTTPSConnectionPool(host='www.rekhta.org', port=443): Max retries exceeded with url: /stories/mitti-ki-mona-liza-a-hameed-stories?lang=ur (Caused by NameResolutionError("HTTPSConnection(host='www.rekhta.org', port=443): Failed to resolve 'www.rekhta.org' ([Errno 11001] getaddrinfo failed)"))
2026-02-16 16:23:08,932 - scraper.rekhta - WARNING - Attempt 2/3 failed for https://www.rekhta.org/stories/mitti-ki-mona-liza-a-hameed-stories?lang=ur: HTTPSConnectionPool(host='www.rekhta.org', port=443): Max retries exceeded with url: /stories/mitti-ki-mona-liza-a-hameed-stories?lang=ur (Caused by NameResolutionError("HTTPSConnection(host='www.rekhta.org', port=443): Failed to resolve 'www.rekhta.org' ([Errno 11001] getaddrinfo failed)"))
2026-02-16 16:23:09,230 - scraper.bbc_urdu - WARNING - Attempt 1/3 failed for https://www.bbc.com/urdu/articles/cpq4rd2devxo: HTTPSConnectionPool(host='www.bbc.com', port=443): Max retries exceeded with url: /urdu/articles/cpq4rd2devxo (Caused by NameResolutionError("HTTPSConnection(host='www.bbc.com', port=443): Failed to resolve 'www.bbc.com' ([Errno 11001] getaddrinfo failed)"))
2026-02-16 16:23:22,384 - scraper.rekhta - WARNING - Attempt 3/3 failed for https://www.rekhta.org/stories/mitti-ki-mona-liza-a-hameed-stories?lang=ur: HTTPSConnectionPool(host='www.rekhta.org', port=443): Max retries exceeded with url: /stories/mitti-ki-mona-liza-a-hameed-stories?lang=ur (Caused by NameResolutionError("HTTPSConnection(host='www.rekhta.org', port=443): Failed to resolve 'www.rekhta.org' ([Errno 11001] getaddrinfo failed)"))
2026-02-16 16:23:22,384 - scraper.rekhta - ERROR - Failed to fetch https://www.rekhta.org/stories/mitti-ki-mona-liza-a-hameed-stories?lang=ur after 3 attempts
2026-02-16 16:23:22,384 - scraper.rekhta - WARNING - Story skipped (invalid/empty): https://www.rekhta.org/stories/mitti-ki-mona-liza-a-hameed-stories?lang=ur
2026-02-16 16:23:22,384 - scraper.rekhta - INFO - Processing 5/200: https://www.rekhta.org/stories/shaahdre-ki-eik-shaam-a-hameed-stories?lang=ur
2026-02-16 16:23:25,525 - scraper.bbc_urdu - WARNING - Attempt 2/3 failed for https://www.bbc.com/urdu/articles/cpq4rd2devxo: HTTPSConnectionPool(host='www.bbc.com', port=443): Max retries exceeded with url: /urdu/articles/cpq4rd2devxo (Caused by NameResolutionError("HTTPSConnection(host='www.bbc.com', port=443): Failed to resolve 'www.bbc.com' ([Errno 11001] getaddrinfo failed)"))
2026-02-16 16:23:26,038 - scraper.rekhta - WARNING - Attempt 1/3 failed for https://www.rekhta.org/stories/shaahdre-ki-eik-shaam-a-hameed-stories?lang=ur: HTTPSConnectionPool(host='www.rekhta.org', port=443): Max retries exceeded with url: /stories/shaahdre-ki-eik-shaam-a-hameed-stories?lang=ur (Caused by NameResolutionError("HTTPSConnection(host='www.rekhta.org', port=443): Failed to resolve 'www.rekhta.org' ([Errno 11001] getaddrinfo failed)"))
2026-02-16 16:23:51,953 - scraper.bbc_urdu - WARNING - Attempt 3/3 failed for https://www.bbc.com/urdu/articles/cpq4rd2devxo: HTTPSConnectionPool(host='www.bbc.com', port=443): Max retries exceeded with url: /urdu/articles/cpq4rd2devxo (Caused by NameResolutionError("HTTPSConnection(host='www.bbc.com', port=443): Failed to resolve 'www.bbc.com' ([Errno 11001] getaddrinfo failed)"))
2026-02-16 16:23:51,953 - scraper.bbc_urdu - ERROR - Failed to fetch https://www.bbc.com/urdu/articles/cpq4rd2devxo after 3 attempts
2026-02-16 16:23:51,953 - scraper.bbc_urdu - WARNING - Story skipped (invalid/empty): https://www.bbc.com/urdu/articles/cpq4rd2devxo
2026-02-16 16:23:51,953 - scraper.bbc_urdu - INFO - Processing 60/60: https://www.bbc.com/urdu/articles/c4g47lp35r6o
2026-02-16 16:24:00,637 - scraper.rekhta - WARNING - Attempt 2/3 failed for https://www.rekhta.org/stories/shaahdre-ki-eik-shaam-a-hameed-stories?lang=ur: ('Connection aborted.', ConnectionResetError(10054, 'An existing connection was forcibly closed by the remote host', None, 10054, None))
2026-02-16 16:24:12,287 - scraper.bbc_urdu - INFO - Saved story: bbc_urdu_c4g47lp35r6o
2026-02-16 16:24:12,288 - scraper.bbc_urdu - INFO - Processing 61/60: https://www.bbc.com/urdu/articles/c9d9vy23j18o
2026-02-16 16:24:29,152 - scraper.rekhta - WARNING - Story skipped (invalid/empty): https://www.rekhta.org/stories/shaahdre-ki-eik-shaam-a-hameed-stories?lang=ur
2026-02-16 16:24:29,152 - scraper.rekhta - INFO - Processing 6/200: https://www.rekhta.org/stories/bar-e-digar-a-khayyam-stories?lang=ur
2026-02-16 16:24:41,879 - scraper.rekhta - INFO - Saved story: rekhta_bar-e-digar-a-khayyam-stories
2026-02-16 16:24:41,879 - scraper.rekhta - INFO - Processing 7/200: https://www.rekhta.org/stories/kaali-saadi-afiya-hameed-stories?lang=ur
2026-02-16 16:24:46,797 - scraper.bbc_urdu - INFO - Saved story: bbc_urdu_c9d9vy23j18o
2026-02-16 16:24:46,797 - scraper.bbc_urdu - INFO - Processing 62/60: https://www.bbc.com/urdu/articles/crmdxgz8mjzo
2026-02-16 16:24:49,377 - scraper.rekhta - WARNING - Story skipped (invalid/empty): https://www.rekhta.org/stories/kaali-saadi-afiya-hameed-stories?lang=ur
2026-02-16 16:24:49,377 - scraper.rekhta - INFO - Processing 8/200: https://www.rekhta.org/stories/kaaghaz-ki-roti-afiya-hameed-stories?lang=ur
2026-02-16 16:24:53,923 - scraper.bbc_urdu - INFO - Saved story: bbc_urdu_crmdxgz8mjzo
2026-02-16 16:24:53,923 - scraper.bbc_urdu - INFO - Processing 63/60: https://www.bbc.com/urdu/articles/cvg17e57ngqo
2026-02-16 16:25:01,346 - scraper.bbc_urdu - INFO - Saved story: bbc_urdu_cvg17e57ngqo
2026-02-16 16:25:01,350 - scraper.bbc_urdu - INFO - Processing 64/60: https://www.bbc.com/urdu/articles/c79xvyp3g5jo
2026-02-16 16:25:02,124 - scraper.rekhta - WARNING - Story skipped (invalid/empty): https://www.rekhta.org/stories/kaaghaz-ki-roti-afiya-hameed-stories?lang=ur
2026-02-16 16:25:02,129 - scraper.rekhta - INFO - Processing 9/200: https://www.rekhta.org/stories/maut-pari-afiya-hameed-stories?lang=ur
2026-02-16 16:25:06,010 - scraper.bbc_urdu - INFO - Saved story: bbc_urdu_c79xvyp3g5jo
2026-02-16 16:25:06,010 - scraper.bbc_urdu - INFO - Processing 65/60: https://www.bbc.com/urdu/articles/c075pdz25v9o
2026-02-16 16:25:13,870 - scraper.rekhta - WARNING - Story skipped (invalid/empty): https://www.rekhta.org/stories/maut-pari-afiya-hameed-stories?lang=ur
2026-02-16 16:25:13,872 - scraper.rekhta - INFO - Processing 10/200: https://www.rekhta.org/stories/phool-ki-koi-qeemat-nahin-aagha-babar-stories?lang=ur
2026-02-16 16:25:14,428 - scraper.bbc_urdu - INFO - Saved story: bbc_urdu_c075pdz25v9o
2026-02-16 16:25:14,428 - scraper.bbc_urdu - INFO - Processing 66/60: https://www.bbc.com/urdu/articles/cd9z0e30jxno
2026-02-16 16:25:31,014 - scraper.bbc_urdu - INFO - Saved story: bbc_urdu_cd9z0e30jxno
2026-02-16 16:25:31,015 - scraper.bbc_urdu - INFO - Finished bbc_urdu. Scraped 57 stories.
2026-02-16 16:25:33,398 - scraper.rekhta - INFO - Saved story: rekhta_phool-ki-koi-qeemat-nahin-aagha-babar-stories
2026-02-16 16:25:33,400 - scraper.rekhta - INFO - Processing 11/200: https://www.rekhta.org/stories/phailta-hua-kaajal-aagha-babar-stories?lang=ur
2026-02-16 16:25:45,051 - scraper.rekhta - INFO - Saved story: rekhta_phailta-hua-kaajal-aagha-babar-stories
2026-02-16 16:25:45,051 - scraper.rekhta - INFO - Processing 12/200: https://www.rekhta.org/stories/pakistan-kahani-abdal-bela-stories?lang=ur
2026-02-16 16:25:55,781 - scraper.rekhta - INFO - Saved story: rekhta_pakistan-kahani-abdal-bela-stories
2026-02-16 16:25:55,781 - scraper.rekhta - INFO - Processing 13/200: https://www.rekhta.org/stories/kaale-baadal-abdul-aziz-khan-stories?lang=ur
2026-02-16 16:26:43,770 - scraper.rekhta - WARNING - Attempt 1/3 failed for https://www.rekhta.org/stories/kaale-baadal-abdul-aziz-khan-stories?lang=ur: HTTPSConnectionPool(host='www.rekhta.org', port=443): Read timed out.
2026-02-16 16:27:01,478 - scraper.rekhta - WARNING - Story skipped (invalid/empty): https://www.rekhta.org/stories/kaale-baadal-abdul-aziz-khan-stories?lang=ur
2026-02-16 16:27:01,478 - scraper.rekhta - INFO - Processing 14/200: https://www.rekhta.org/stories/aadha-phool-aadha-shav-abdul-bismillah-stories?lang=ur
2026-02-16 16:27:07,863 - scraper.rekhta - WARNING - Story skipped (invalid/empty): https://www.rekhta.org/stories/aadha-phool-aadha-shav-abdul-bismillah-stories?lang=ur
2026-02-16 16:27:07,863 - scraper.rekhta - INFO - Processing 15/200: https://www.rekhta.org/stories/rihaai-abdul-bismillah-stories?lang=ur
2026-02-16 16:27:15,870 - scraper.rekhta - WARNING - Story skipped (invalid/empty): https://www.rekhta.org/stories/rihaai-abdul-bismillah-stories?lang=ur
2026-02-16 16:27:15,870 - scraper.rekhta - INFO - Processing 16/200: https://www.rekhta.org/stories/hawa-abdul-ghani-sheikh-stories?lang=ur
2026-02-16 16:27:21,563 - scraper.rekhta - WARNING - Story skipped (invalid/empty): https://www.rekhta.org/stories/hawa-abdul-ghani-sheikh-stories?lang=ur
2026-02-16 16:27:21,563 - scraper.rekhta - INFO - Processing 17/200: https://www.rekhta.org/stories/dhoop-abdullah-husain-stories?lang=ur
2026-02-16 16:27:33,011 - scraper.rekhta - INFO - Saved story: rekhta_dhoop-abdullah-husain-stories
2026-02-16 16:27:33,011 - scraper.rekhta - INFO - Processing 18/200: https://www.rekhta.org/stories/najaat-abdussamad-stories?lang=ur
2026-02-16 16:27:37,831 - scraper.rekhta - INFO - Saved story: rekhta_najaat-abdussamad-stories
2026-02-16 16:27:37,831 - scraper.rekhta - INFO - Processing 19/200: https://www.rekhta.org/stories/dam-abdussamad-stories?lang=ur
2026-02-16 16:43:20,616 - scraper.rekhta - INFO - Saved story: rekhta_dam-abdussamad-stories
2026-02-16 16:43:20,618 - scraper.rekhta - INFO - Processing 20/200: https://www.rekhta.org/stories/musical-chair-abdussamad-stories?lang=ur
2026-02-16 16:43:24,541 - scraper.rekhta - WARNING - Attempt 1/3 failed for https://www.rekhta.org/stories/musical-chair-abdussamad-stories?lang=ur: HTTPSConnectionPool(host='www.rekhta.org', port=443): Max retries exceeded with url: /stories/musical-chair-abdussamad-stories?lang=ur (Caused by NameResolutionError("HTTPSConnection(host='www.rekhta.org', port=443): Failed to resolve 'www.rekhta.org' ([Errno 11001] getaddrinfo failed)"))
2026-02-16 21:18:14,503 - scraper.rekhta - WARNING - Attempt 2/3 failed for https://www.rekhta.org/stories/musical-chair-abdussamad-stories?lang=ur: HTTPSConnectionPool(host='www.rekhta.org', port=443): Max retries exceeded with url: /stories/musical-chair-abdussamad-stories?lang=ur (Caused by NameResolutionError("HTTPSConnection(host='www.rekhta.org', port=443): Failed to resolve 'www.rekhta.org' ([Errno 11001] getaddrinfo failed)"))
2026-02-16 21:18:33,517 - scraper.rekhta - INFO - Saved story: rekhta_musical-chair-abdussamad-stories
2026-02-16 21:18:33,517 - scraper.rekhta - INFO - Processing 21/200: https://www.rekhta.org/stories/der-se-ruki-hui-gaadi-abdussamad-stories?lang=ur
2026-02-16 21:18:40,651 - scraper.rekhta - INFO - Saved story: rekhta_der-se-ruki-hui-gaadi-abdussamad-stories
2026-02-16 21:18:40,651 - scraper.rekhta - INFO - Processing 22/200: https://www.rekhta.org/stories/goomad-abdussamad-stories?lang=ur
2026-02-16 21:18:47,192 - scraper.rekhta - WARNING - Story skipped (invalid/empty): https://www.rekhta.org/stories/goomad-abdussamad-stories?lang=ur
2026-02-16 21:18:47,192 - scraper.rekhta - INFO - Processing 23/200: https://www.rekhta.org/stories/sadd-e-baab-abdussamad-stories?lang=ur
2026-02-16 21:18:53,792 - scraper.rekhta - INFO - Saved story: rekhta_sadd-e-baab-abdussamad-stories
2026-02-16 21:18:53,793 - scraper.rekhta - INFO - Processing 24/200: https://www.rekhta.org/stories/sawab-e-jaariya-abdussamad-stories?lang=ur
2026-02-16 21:19:00,838 - scraper.rekhta - INFO - Saved story: rekhta_sawab-e-jaariya-abdussamad-stories
2026-02-16 21:19:00,838 - scraper.rekhta - INFO - Processing 25/200: https://www.rekhta.org/stories/nishaan-wale-abdussamad-stories?lang=ur
2026-02-16 21:19:07,295 - scraper.rekhta - INFO - Saved story: rekhta_nishaan-wale-abdussamad-stories
2026-02-16 21:19:07,295 - scraper.rekhta - INFO - Processing 26/200: https://www.rekhta.org/stories/shart-abdussamad-stories?lang=ur
2026-02-16 21:19:13,369 - scraper.rekhta - WARNING - Story skipped (invalid/empty): https://www.rekhta.org/stories/shart-abdussamad-stories?lang=ur
2026-02-16 21:19:13,369 - scraper.rekhta - INFO - Processing 27/200: https://www.rekhta.org/stories/ek-mohabbat-ki-kahaani-abid-suhail-stories?lang=ur
2026-02-16 21:19:20,759 - scraper.rekhta - INFO - Saved story: rekhta_ek-mohabbat-ki-kahaani-abid-suhail-stories
2026-02-16 21:19:20,759 - scraper.rekhta - INFO - Processing 28/200: https://www.rekhta.org/stories/sabse-chhota-gham-abid-suhail-stories?lang=ur
2026-02-16 21:19:26,914 - scraper.rekhta - WARNING - Story skipped (invalid/empty): https://www.rekhta.org/stories/sabse-chhota-gham-abid-suhail-stories?lang=ur
2026-02-16 21:19:26,915 - scraper.rekhta - INFO - Processing 29/200: https://www.rekhta.org/stories/honeymoon-abid-suhail-stories?lang=ur
2026-02-16 21:19:32,912 - scraper.rekhta - INFO - Saved story: rekhta_honeymoon-abid-suhail-stories
2026-02-16 21:19:32,912 - scraper.rekhta - INFO - Processing 30/200: https://www.rekhta.org/stories/sawa-neze-par-sooraj-abid-suhail-stories?lang=ur
2026-02-16 21:19:38,359 - scraper.rekhta - WARNING - Story skipped (invalid/empty): https://www.rekhta.org/stories/sawa-neze-par-sooraj-abid-suhail-stories?lang=ur
2026-02-16 21:19:38,361 - scraper.rekhta - INFO - Processing 31/200: https://www.rekhta.org/stories/rooh-se-lipti-hui-aag-abid-suhail-stories?lang=ur
2026-02-16 21:19:43,824 - scraper.rekhta - WARNING - Story skipped (invalid/empty): https://www.rekhta.org/stories/rooh-se-lipti-hui-aag-abid-suhail-stories?lang=ur
2026-02-16 21:19:43,824 - scraper.rekhta - INFO - Processing 32/200: https://www.rekhta.org/stories/dasht-e-taalluq-abid-suhail-stories?lang=ur
2026-02-16 21:19:50,802 - scraper.rekhta - WARNING - Story skipped (invalid/empty): https://www.rekhta.org/stories/dasht-e-taalluq-abid-suhail-stories?lang=ur
2026-02-16 21:19:50,802 - scraper.rekhta - INFO - Processing 33/200: https://www.rekhta.org/stories/nauha-gar-abid-suhail-stories?lang=ur
2026-02-16 21:19:57,323 - scraper.rekhta - WARNING - Story skipped (invalid/empty): https://www.rekhta.org/stories/nauha-gar-abid-suhail-stories?lang=ur
2026-02-16 21:19:57,323 - scraper.rekhta - INFO - Processing 34/200: https://www.rekhta.org/stories/ghulaam-gardish-abid-suhail-stories?lang=ur
2026-02-16 21:20:02,806 - scraper.rekhta - WARNING - Story skipped (invalid/empty): https://www.rekhta.org/stories/ghulaam-gardish-abid-suhail-stories?lang=ur
2026-02-16 21:20:02,806 - scraper.rekhta - INFO - Processing 35/200: https://www.rekhta.org/stories/rishte-abid-suhail-stories?lang=ur
2026-02-16 21:20:10,106 - scraper.rekhta - WARNING - Story skipped (invalid/empty): https://www.rekhta.org/stories/rishte-abid-suhail-stories?lang=ur
2026-02-16 21:20:10,106 - scraper.rekhta - INFO - Processing 36/200: https://www.rekhta.org/stories/ek-si-sooraten-abid-suhail-stories?lang=ur
2026-02-16 21:20:16,832 - scraper.rekhta - INFO - Saved story: rekhta_ek-si-sooraten-abid-suhail-stories
2026-02-16 21:20:16,833 - scraper.rekhta - INFO - Processing 37/200: https://www.rekhta.org/stories/eidgaah-abid-suhail-stories?lang=ur
2026-02-16 21:20:21,670 - scraper.rekhta - WARNING - Story skipped (invalid/empty): https://www.rekhta.org/stories/eidgaah-abid-suhail-stories?lang=ur
2026-02-16 21:20:21,670 - scraper.rekhta - INFO - Processing 38/200: https://www.rekhta.org/stories/muneer-ki-amma-abid-suhail-stories?lang=ur
2026-02-16 21:20:27,633 - scraper.rekhta - WARNING - Story skipped (invalid/empty): https://www.rekhta.org/stories/muneer-ki-amma-abid-suhail-stories?lang=ur
2026-02-16 21:20:27,633 - scraper.rekhta - INFO - Processing 39/200: https://www.rekhta.org/stories/raat-ka-manzar-nama-1-abrar-mojeeb-stories?lang=ur
2026-02-16 21:20:34,338 - scraper.rekhta - WARNING - Story skipped (invalid/empty): https://www.rekhta.org/stories/raat-ka-manzar-nama-1-abrar-mojeeb-stories?lang=ur
2026-02-16 21:20:34,338 - scraper.rekhta - INFO - Processing 40/200: https://www.rekhta.org/stories/baarish-abrar-mojeeb-stories?lang=ur
2026-02-16 21:20:39,134 - scraper.rekhta - WARNING - Story skipped (invalid/empty): https://www.rekhta.org/stories/baarish-abrar-mojeeb-stories?lang=ur
2026-02-16 21:20:39,134 - scraper.rekhta - INFO - Processing 41/200: https://www.rekhta.org/stories/story-abrar-mojeeb-stories?lang=ur
2026-02-16 21:20:45,982 - scraper.rekhta - WARNING - Story skipped (invalid/empty): https://www.rekhta.org/stories/story-abrar-mojeeb-stories?lang=ur
2026-02-16 21:20:45,985 - scraper.rekhta - INFO - Processing 42/200: https://www.rekhta.org/stories/raat-ka-manzar-nama-2-abrar-mojeeb-stories?lang=ur
2026-02-16 21:20:50,549 - scraper.rekhta - WARNING - Story skipped (invalid/empty): https://www.rekhta.org/stories/raat-ka-manzar-nama-2-abrar-mojeeb-stories?lang=ur
2026-02-16 21:20:50,549 - scraper.rekhta - INFO - Processing 43/200: https://www.rekhta.org/stories/maut-abrar-mojeeb-stories?lang=ur
2026-02-16 21:20:54,835 - scraper.rekhta - WARNING - Story skipped (invalid/empty): https://www.rekhta.org/stories/maut-abrar-mojeeb-stories?lang=ur
2026-02-16 21:20:54,835 - scraper.rekhta - INFO - Processing 44/200: https://www.rekhta.org/stories/darwin-bandar-aur-irtiqa-abrar-mojeeb-stories?lang=ur
2026-02-16 21:20:59,765 - scraper.rekhta - WARNING - Story skipped (invalid/empty): https://www.rekhta.org/stories/darwin-bandar-aur-irtiqa-abrar-mojeeb-stories?lang=ur
2026-02-16 21:20:59,765 - scraper.rekhta - INFO - Processing 45/200: https://www.rekhta.org/stories/pushp-gram-ka-itihaas-abrar-mojeeb-stories?lang=ur
2026-02-16 21:21:06,177 - scraper.rekhta - WARNING - Story skipped (invalid/empty): https://www.rekhta.org/stories/pushp-gram-ka-itihaas-abrar-mojeeb-stories?lang=ur
2026-02-16 21:21:06,179 - scraper.rekhta - INFO - Processing 46/200: https://www.rekhta.org/stories/jang-e-bad-abrar-mojeeb-stories?lang=ur
2026-02-16 21:21:11,286 - scraper.rekhta - WARNING - Story skipped (invalid/empty): https://www.rekhta.org/stories/jang-e-bad-abrar-mojeeb-stories?lang=ur
2026-02-16 21:21:11,286 - scraper.rekhta - INFO - Processing 47/200: https://www.rekhta.org/stories/pachhwade-ka-naala-abrar-mojeeb-stories?lang=ur
2026-02-16 21:21:17,290 - scraper.rekhta - WARNING - Story skipped (invalid/empty): https://www.rekhta.org/stories/pachhwade-ka-naala-abrar-mojeeb-stories?lang=ur
2026-02-16 21:21:17,292 - scraper.rekhta - INFO - Processing 48/200: https://www.rekhta.org/stories/baziyaaft-abrar-mojeeb-stories?lang=ur
2026-02-16 21:21:22,770 - scraper.rekhta - WARNING - Story skipped (invalid/empty): https://www.rekhta.org/stories/baziyaaft-abrar-mojeeb-stories?lang=ur
2026-02-16 21:21:22,770 - scraper.rekhta - INFO - Processing 49/200: https://www.rekhta.org/stories/afwah-abrar-mojeeb-stories?lang=ur
2026-02-16 21:21:28,487 - scraper.rekhta - WARNING - Story skipped (invalid/empty): https://www.rekhta.org/stories/afwah-abrar-mojeeb-stories?lang=ur
2026-02-16 21:21:28,493 - scraper.rekhta - INFO - Processing 50/200: https://www.rekhta.org/stories/nirawan-se-pare-abrar-mojeeb-stories?lang=ur
2026-02-16 21:21:34,159 - scraper.rekhta - WARNING - Story skipped (invalid/empty): https://www.rekhta.org/stories/nirawan-se-pare-abrar-mojeeb-stories?lang=ur
2026-02-16 21:21:34,159 - scraper.rekhta - INFO - Processing 51/200: https://www.rekhta.org/stories/ubaal-abrar-mojeeb-stories?lang=ur
2026-02-16 21:21:39,987 - scraper.rekhta - WARNING - Story skipped (invalid/empty): https://www.rekhta.org/stories/ubaal-abrar-mojeeb-stories?lang=ur
2026-02-16 21:21:39,987 - scraper.rekhta - INFO - Processing 52/200: https://www.rekhta.org/stories/pradhan-mantri-ki-aamad-abrar-mojeeb-stories?lang=ur
2026-02-16 21:21:45,878 - scraper.rekhta - WARNING - Story skipped (invalid/empty): https://www.rekhta.org/stories/pradhan-mantri-ki-aamad-abrar-mojeeb-stories?lang=ur
2026-02-16 21:21:45,878 - scraper.rekhta - INFO - Processing 53/200: https://www.rekhta.org/stories/yaadon-ke-dareeche-se-abul-fazal-siddiqui-stories?lang=ur
2026-02-16 21:21:52,439 - scraper.rekhta - WARNING - Story skipped (invalid/empty): https://www.rekhta.org/stories/yaadon-ke-dareeche-se-abul-fazal-siddiqui-stories?lang=ur
2026-02-16 21:21:52,440 - scraper.rekhta - INFO - Processing 54/200: https://www.rekhta.org/stories/jwaalamukhi-abul-fazal-siddiqui-stories?lang=ur
2026-02-16 21:21:58,670 - scraper.rekhta - WARNING - Story skipped (invalid/empty): https://www.rekhta.org/stories/jwaalamukhi-abul-fazal-siddiqui-stories?lang=ur
2026-02-16 21:21:58,670 - scraper.rekhta - INFO - Processing 55/200: https://www.rekhta.org/stories/eik-chup-sau-dukh-adam-sher-stories?lang=ur
2026-02-16 21:22:03,932 - scraper.rekhta - WARNING - Story skipped (invalid/empty): https://www.rekhta.org/stories/eik-chup-sau-dukh-adam-sher-stories?lang=ur
2026-02-16 21:22:03,935 - scraper.rekhta - INFO - Processing 56/200: https://www.rekhta.org/stories/insaan-numa-adam-sher-stories?lang=ur
2026-02-16 21:22:09,661 - scraper.rekhta - WARNING - Story skipped (invalid/empty): https://www.rekhta.org/stories/insaan-numa-adam-sher-stories?lang=ur
2026-02-16 21:22:09,661 - scraper.rekhta - INFO - Processing 57/200: https://www.rekhta.org/stories/khush-bakht-noha-adam-sher-stories?lang=ur
2026-02-16 21:22:14,833 - scraper.rekhta - WARNING - Story skipped (invalid/empty): https://www.rekhta.org/stories/khush-bakht-noha-adam-sher-stories?lang=ur
2026-02-16 21:22:14,833 - scraper.rekhta - INFO - Processing 58/200: https://www.rekhta.org/stories/hayula-adam-sher-stories?lang=ur
2026-02-16 21:22:20,264 - scraper.rekhta - WARNING - Story skipped (invalid/empty): https://www.rekhta.org/stories/hayula-adam-sher-stories?lang=ur
2026-02-16 21:22:20,264 - scraper.rekhta - INFO - Processing 59/200: https://www.rekhta.org/stories/irtiaash-adam-sher-stories?lang=ur
2026-02-16 21:22:26,090 - scraper.rekhta - WARNING - Story skipped (invalid/empty): https://www.rekhta.org/stories/irtiaash-adam-sher-stories?lang=ur
2026-02-16 21:22:26,090 - scraper.rekhta - INFO - Processing 60/200: https://www.rekhta.org/stories/aalam-e-timsaal-adam-sher-stories?lang=ur
2026-02-16 21:22:32,177 - scraper.rekhta - WARNING - Story skipped (invalid/empty): https://www.rekhta.org/stories/aalam-e-timsaal-adam-sher-stories?lang=ur
2026-02-16 21:22:32,177 - scraper.rekhta - INFO - Processing 61/200: https://www.rekhta.org/stories/ujla-insaan-maili-roohen-afsar-aazar-stories?lang=ur
2026-02-16 21:22:37,920 - scraper.rekhta - WARNING - Story skipped (invalid/empty): https://www.rekhta.org/stories/ujla-insaan-maili-roohen-afsar-aazar-stories?lang=ur
2026-02-16 21:22:37,921 - scraper.rekhta - INFO - Processing 62/200: https://www.rekhta.org/stories/mothers-day-afshan-malik-stories?lang=ur
2026-02-16 21:22:42,987 - scraper.rekhta - WARNING - Story skipped (invalid/empty): https://www.rekhta.org/stories/mothers-day-afshan-malik-stories?lang=ur
2026-02-16 21:22:42,987 - scraper.rekhta - INFO - Processing 63/200: https://www.rekhta.org/stories/kalank-afshan-malik-stories?lang=ur
2026-02-16 21:22:49,092 - scraper.rekhta - WARNING - Story skipped (invalid/empty): https://www.rekhta.org/stories/kalank-afshan-malik-stories?lang=ur
2026-02-16 21:22:49,092 - scraper.rekhta - INFO - Processing 64/200: https://www.rekhta.org/stories/aaseb-zada-afshan-malik-stories?lang=ur
2026-02-16 21:22:54,539 - scraper.rekhta - WARNING - Story skipped (invalid/empty): https://www.rekhta.org/stories/aaseb-zada-afshan-malik-stories?lang=ur
2026-02-16 21:22:54,545 - scraper.rekhta - INFO - Processing 65/200: https://www.rekhta.org/stories/samundar-jahaaz-aur-main-afshan-malik-stories?lang=ur
2026-02-16 21:22:59,607 - scraper.rekhta - WARNING - Story skipped (invalid/empty): https://www.rekhta.org/stories/samundar-jahaaz-aur-main-afshan-malik-stories?lang=ur
2026-02-16 21:22:59,607 - scraper.rekhta - INFO - Processing 66/200: https://www.rekhta.org/stories/kaath-ke-ghode-afshan-malik-stories?lang=ur
2026-02-16 21:23:04,798 - scraper.rekhta - WARNING - Story skipped (invalid/empty): https://www.rekhta.org/stories/kaath-ke-ghode-afshan-malik-stories?lang=ur
2026-02-16 21:23:04,801 - scraper.rekhta - INFO - Processing 67/200: https://www.rekhta.org/stories/machine-gardi-agha-gul-stories?lang=ur
2026-02-16 21:23:10,617 - scraper.rekhta - WARNING - Story skipped (invalid/empty): https://www.rekhta.org/stories/machine-gardi-agha-gul-stories?lang=ur
2026-02-16 21:23:10,617 - scraper.rekhta - INFO - Processing 68/200: https://www.rekhta.org/stories/prem-kahaani-ahmad-ali-stories?lang=ur
2026-02-16 21:23:16,239 - scraper.rekhta - WARNING - Story skipped (invalid/empty): https://www.rekhta.org/stories/prem-kahaani-ahmad-ali-stories?lang=ur
2026-02-16 21:23:16,239 - scraper.rekhta - INFO - Processing 69/200: https://www.rekhta.org/stories/uske-baghair-ahmad-ali-stories?lang=ur
2026-02-16 21:23:22,435 - scraper.rekhta - WARNING - Story skipped (invalid/empty): https://www.rekhta.org/stories/uske-baghair-ahmad-ali-stories?lang=ur
2026-02-16 21:23:22,435 - scraper.rekhta - INFO - Processing 70/200: https://www.rekhta.org/stories/mahawaton-ki-eik-raat-ahmad-ali-stories?lang=ur
2026-02-16 21:23:27,474 - scraper.rekhta - WARNING - Story skipped (invalid/empty): https://www.rekhta.org/stories/mahawaton-ki-eik-raat-ahmad-ali-stories?lang=ur
2026-02-16 21:23:27,474 - scraper.rekhta - INFO - Processing 71/200: https://www.rekhta.org/stories/baadal-nahi-aate-ahmad-ali-stories?lang=ur
2026-02-16 21:23:32,222 - scraper.rekhta - WARNING - Story skipped (invalid/empty): https://www.rekhta.org/stories/baadal-nahi-aate-ahmad-ali-stories?lang=ur
2026-02-16 21:23:32,222 - scraper.rekhta - INFO - Processing 72/200: https://www.rekhta.org/stories/guzre-dinon-ki-yaad-ahmad-ali-stories?lang=ur
2026-02-16 21:23:38,318 - scraper.rekhta - WARNING - Story skipped (invalid/empty): https://www.rekhta.org/stories/guzre-dinon-ki-yaad-ahmad-ali-stories?lang=ur
2026-02-16 21:23:38,318 - scraper.rekhta - INFO - Processing 73/200: https://www.rekhta.org/stories/shaadi-ahmad-ali-stories?lang=ur
2026-02-16 21:23:43,855 - scraper.rekhta - WARNING - Story skipped (invalid/empty): https://www.rekhta.org/stories/shaadi-ahmad-ali-stories?lang=ur
2026-02-16 21:23:43,855 - scraper.rekhta - INFO - Processing 74/200: https://www.rekhta.org/stories/ustaad-shammo-khan-ahmad-ali-stories?lang=ur
2026-02-16 21:23:48,840 - scraper.rekhta - WARNING - Story skipped (invalid/empty): https://www.rekhta.org/stories/ustaad-shammo-khan-ahmad-ali-stories?lang=ur
2026-02-16 21:23:48,840 - scraper.rekhta - INFO - Processing 75/200: https://www.rekhta.org/stories/ghulaami-ahmad-ali-stories?lang=ur
2026-02-16 21:23:53,776 - scraper.rekhta - WARNING - Story skipped (invalid/empty): https://www.rekhta.org/stories/ghulaami-ahmad-ali-stories?lang=ur
2026-02-16 21:23:53,776 - scraper.rekhta - INFO - Processing 76/200: https://www.rekhta.org/stories/hamaari-gali-ahmad-ali-stories?lang=ur
2026-02-16 21:24:04,028 - scraper.rekhta - WARNING - Story skipped (invalid/empty): https://www.rekhta.org/stories/hamaari-gali-ahmad-ali-stories?lang=ur
2026-02-16 21:24:04,028 - scraper.rekhta - INFO - Processing 77/200: https://www.rekhta.org/stories/tasweer-ke-do-rukh-ahmad-ali-stories?lang=ur
2026-02-16 21:24:09,202 - scraper.rekhta - WARNING - Story skipped (invalid/empty): https://www.rekhta.org/stories/tasweer-ke-do-rukh-ahmad-ali-stories?lang=ur
2026-02-16 21:24:09,202 - scraper.rekhta - INFO - Processing 78/200: https://www.rekhta.org/stories/qaidkhaana-ahmad-ali-stories?lang=ur
2026-02-16 21:24:13,986 - scraper.rekhta - INFO - Saved story: rekhta_qaidkhaana-ahmad-ali-stories
2026-02-16 21:24:13,986 - scraper.rekhta - INFO - Processing 79/200: https://www.rekhta.org/stories/mazdoor-ahmad-ali-stories?lang=ur
2026-02-16 21:24:18,877 - scraper.rekhta - WARNING - Story skipped (invalid/empty): https://www.rekhta.org/stories/mazdoor-ahmad-ali-stories?lang=ur
2026-02-16 21:24:18,879 - scraper.rekhta - INFO - Processing 80/200: https://www.rekhta.org/stories/march-ki-eik-raat-ahmad-ali-stories?lang=ur
2026-02-16 21:24:24,676 - scraper.rekhta - INFO - Saved story: rekhta_march-ki-eik-raat-ahmad-ali-stories
2026-02-16 21:24:24,676 - scraper.rekhta - INFO - Processing 81/200: https://www.rekhta.org/stories/shaheed-ahmad-daood-stories?lang=ur
2026-02-16 21:24:30,388 - scraper.rekhta - WARNING - Story skipped (invalid/empty): https://www.rekhta.org/stories/shaheed-ahmad-daood-stories?lang=ur
2026-02-16 21:24:30,388 - scraper.rekhta - INFO - Processing 82/200: https://www.rekhta.org/stories/agla-janam-ahmad-hamesh-stories?lang=ur
2026-02-16 21:24:35,195 - scraper.rekhta - WARNING - Story skipped (invalid/empty): https://www.rekhta.org/stories/agla-janam-ahmad-hamesh-stories?lang=ur
2026-02-16 21:24:35,195 - scraper.rekhta - INFO - Processing 83/200: https://www.rekhta.org/stories/fariyaad-ki-lai-ahmad-hamesh-stories?lang=ur
2026-02-16 21:24:41,733 - scraper.rekhta - WARNING - Story skipped (invalid/empty): https://www.rekhta.org/stories/fariyaad-ki-lai-ahmad-hamesh-stories?lang=ur
2026-02-16 21:24:41,737 - scraper.rekhta - INFO - Processing 84/200: https://www.rekhta.org/stories/pagal-kutte-ki-khoj-ahmad-hamesh-stories?lang=ur
2026-02-16 21:24:47,498 - scraper.rekhta - WARNING - Story skipped (invalid/empty): https://www.rekhta.org/stories/pagal-kutte-ki-khoj-ahmad-hamesh-stories?lang=ur
2026-02-16 21:24:47,500 - scraper.rekhta - INFO - Processing 85/200: https://www.rekhta.org/stories/riwayat-ahmad-hamesh-stories?lang=ur
2026-02-16 21:24:54,076 - scraper.rekhta - WARNING - Story skipped (invalid/empty): https://www.rekhta.org/stories/riwayat-ahmad-hamesh-stories?lang=ur
2026-02-16 21:24:54,076 - scraper.rekhta - INFO - Processing 86/200: https://www.rekhta.org/stories/drench-mein-gira-hua-qalam-ahmad-hamesh-stories?lang=ur
2026-02-16 21:24:58,796 - scraper.rekhta - WARNING - Story skipped (invalid/empty): https://www.rekhta.org/stories/drench-mein-gira-hua-qalam-ahmad-hamesh-stories?lang=ur
2026-02-16 21:24:58,796 - scraper.rekhta - INFO - Processing 87/200: https://www.rekhta.org/stories/salma-aur-hawa-ahmad-hamesh-stories?lang=ur
2026-02-16 21:25:04,288 - scraper.rekhta - WARNING - Story skipped (invalid/empty): https://www.rekhta.org/stories/salma-aur-hawa-ahmad-hamesh-stories?lang=ur
2026-02-16 21:25:04,288 - scraper.rekhta - INFO - Processing 88/200: https://www.rekhta.org/stories/kuch-tha-ya-kuch-bhi-nahi-tha-ahmad-hamesh-stories?lang=ur
2026-02-16 21:25:09,295 - scraper.rekhta - WARNING - Story skipped (invalid/empty): https://www.rekhta.org/stories/kuch-tha-ya-kuch-bhi-nahi-tha-ahmad-hamesh-stories?lang=ur
2026-02-16 21:25:09,295 - scraper.rekhta - INFO - Processing 89/200: https://www.rekhta.org/stories/chipkili-be-diwar-ahmad-hamesh-stories?lang=ur
2026-02-16 21:25:15,041 - scraper.rekhta - WARNING - Story skipped (invalid/empty): https://www.rekhta.org/stories/chipkili-be-diwar-ahmad-hamesh-stories?lang=ur
2026-02-16 21:25:15,041 - scraper.rekhta - INFO - Processing 90/200: https://www.rekhta.org/stories/aasar-ahmad-javeed-stories?lang=ur
2026-02-16 21:25:23,402 - scraper.rekhta - WARNING - Story skipped (invalid/empty): https://www.rekhta.org/stories/aasar-ahmad-javeed-stories?lang=ur
2026-02-16 21:25:23,402 - scraper.rekhta - INFO - Processing 91/200: https://www.rekhta.org/stories/madaari-ahmad-rasheed-stories?lang=ur
2026-02-16 21:25:29,126 - scraper.rekhta - WARNING - Story skipped (invalid/empty): https://www.rekhta.org/stories/madaari-ahmad-rasheed-stories?lang=ur
2026-02-16 21:25:29,126 - scraper.rekhta - INFO - Processing 92/200: https://www.rekhta.org/stories/parinde-pakarne-wala-ahmad-rasheed-stories?lang=ur
2026-02-16 21:25:34,370 - scraper.rekhta - WARNING - Story skipped (invalid/empty): https://www.rekhta.org/stories/parinde-pakarne-wala-ahmad-rasheed-stories?lang=ur
2026-02-16 21:25:34,370 - scraper.rekhta - INFO - Processing 93/200: https://www.rekhta.org/stories/waiting-room-ahmad-rasheed-stories?lang=ur
2026-02-16 21:25:40,028 - scraper.rekhta - WARNING - Story skipped (invalid/empty): https://www.rekhta.org/stories/waiting-room-ahmad-rasheed-stories?lang=ur
2026-02-16 21:25:40,030 - scraper.rekhta - INFO - Processing 94/200: https://www.rekhta.org/stories/do-saal-baad-ahmad-rasheed-stories?lang=ur
2026-02-16 21:25:45,621 - scraper.rekhta - WARNING - Story skipped (invalid/empty): https://www.rekhta.org/stories/do-saal-baad-ahmad-rasheed-stories?lang=ur
2026-02-16 21:25:45,621 - scraper.rekhta - INFO - Processing 95/200: https://www.rekhta.org/stories/hesaar-ahmad-rasheed-stories?lang=ur
2026-02-16 21:25:52,066 - scraper.rekhta - WARNING - Story skipped (invalid/empty): https://www.rekhta.org/stories/hesaar-ahmad-rasheed-stories?lang=ur
2026-02-16 21:25:52,066 - scraper.rekhta - INFO - Processing 96/200: https://www.rekhta.org/stories/banbaas-ke-baad-ahmad-rasheed-stories?lang=ur
2026-02-16 21:25:58,029 - scraper.rekhta - WARNING - Story skipped (invalid/empty): https://www.rekhta.org/stories/banbaas-ke-baad-ahmad-rasheed-stories?lang=ur
2026-02-16 21:25:58,029 - scraper.rekhta - INFO - Processing 97/200: https://www.rekhta.org/stories/ham-safar-ahmad-sagheer-stories?lang=ur
2026-02-16 21:26:03,026 - scraper.rekhta - WARNING - Story skipped (invalid/empty): https://www.rekhta.org/stories/ham-safar-ahmad-sagheer-stories?lang=ur
2026-02-16 21:26:03,026 - scraper.rekhta - INFO - Processing 98/200: https://www.rekhta.org/stories/ta-affun-ahmad-sagheer-stories?lang=ur
2026-02-16 21:26:08,445 - scraper.rekhta - WARNING - Story skipped (invalid/empty): https://www.rekhta.org/stories/ta-affun-ahmad-sagheer-stories?lang=ur
2026-02-16 21:26:08,445 - scraper.rekhta - INFO - Processing 99/200: https://www.rekhta.org/stories/munder-par-baitha-parinda-ahmad-sagheer-stories?lang=ur
2026-02-16 21:26:13,359 - scraper.rekhta - WARNING - Story skipped (invalid/empty): https://www.rekhta.org/stories/munder-par-baitha-parinda-ahmad-sagheer-stories?lang=ur
2026-02-16 21:26:13,359 - scraper.rekhta - INFO - Processing 100/200: https://www.rekhta.org/stories/mai-damni-nahi-hoon-ahmad-sagheer-stories?lang=ur
2026-02-16 21:26:18,600 - scraper.rekhta - WARNING - Story skipped (invalid/empty): https://www.rekhta.org/stories/mai-damni-nahi-hoon-ahmad-sagheer-stories?lang=ur
2026-02-16 21:26:18,600 - scraper.rekhta - INFO - Processing 101/200: https://www.rekhta.org/stories/pyaasi-hai-zameen-pyaasa-asmaan-ahmad-sagheer-stories?lang=ur
2026-02-16 21:26:23,300 - scraper.rekhta - WARNING - Story skipped (invalid/empty): https://www.rekhta.org/stories/pyaasi-hai-zameen-pyaasa-asmaan-ahmad-sagheer-stories?lang=ur
2026-02-16 21:26:23,300 - scraper.rekhta - INFO - Processing 102/200: https://www.rekhta.org/stories/maseehaai-ahmad-sagheer-stories?lang=ur
2026-02-16 21:26:28,819 - scraper.rekhta - WARNING - Story skipped (invalid/empty): https://www.rekhta.org/stories/maseehaai-ahmad-sagheer-stories?lang=ur
2026-02-16 21:26:28,822 - scraper.rekhta - INFO - Processing 103/200: https://www.rekhta.org/stories/shuddhi-karan-ahmad-sagheer-stories?lang=ur
2026-02-16 21:26:34,629 - scraper.rekhta - WARNING - Story skipped (invalid/empty): https://www.rekhta.org/stories/shuddhi-karan-ahmad-sagheer-stories?lang=ur
2026-02-16 21:26:34,629 - scraper.rekhta - INFO - Processing 104/200: https://www.rekhta.org/stories/panaah-gaah-ahmad-sagheer-stories?lang=ur
2026-02-16 21:26:39,824 - scraper.rekhta - WARNING - Story skipped (invalid/empty): https://www.rekhta.org/stories/panaah-gaah-ahmad-sagheer-stories?lang=ur
2026-02-16 21:26:39,824 - scraper.rekhta - INFO - Processing 105/200: https://www.rekhta.org/stories/hawa-shikaar-ahmad-sagheer-stories?lang=ur
2026-02-16 21:26:45,611 - scraper.rekhta - WARNING - Story skipped (invalid/empty): https://www.rekhta.org/stories/hawa-shikaar-ahmad-sagheer-stories?lang=ur
2026-02-16 21:26:45,611 - scraper.rekhta - INFO - Processing 106/200: https://www.rekhta.org/stories/anna-ko-aane-do-ahmad-sagheer-stories?lang=ur
2026-02-16 21:26:50,803 - scraper.rekhta - WARNING - Story skipped (invalid/empty): https://www.rekhta.org/stories/anna-ko-aane-do-ahmad-sagheer-stories?lang=ur
2026-02-16 21:26:50,803 - scraper.rekhta - INFO - Processing 107/200: https://www.rekhta.org/stories/samundar-jaag-raha-hai-ahmad-sagheer-stories?lang=ur
2026-02-16 21:26:57,587 - scraper.rekhta - WARNING - Story skipped (invalid/empty): https://www.rekhta.org/stories/samundar-jaag-raha-hai-ahmad-sagheer-stories?lang=ur
2026-02-16 21:26:57,587 - scraper.rekhta - INFO - Processing 108/200: https://www.rekhta.org/stories/doobta-ubharta-saahil-ahmad-sagheer-stories?lang=ur
2026-02-16 21:27:02,850 - scraper.rekhta - WARNING - Story skipped (invalid/empty): https://www.rekhta.org/stories/doobta-ubharta-saahil-ahmad-sagheer-stories?lang=ur
2026-02-16 21:27:02,850 - scraper.rekhta - INFO - Processing 109/200: https://www.rekhta.org/stories/ghar-waapsi-ahmad-sagheer-stories?lang=ur
2026-02-16 21:27:09,627 - scraper.rekhta - WARNING - Story skipped (invalid/empty): https://www.rekhta.org/stories/ghar-waapsi-ahmad-sagheer-stories?lang=ur
2026-02-16 21:27:09,629 - scraper.rekhta - INFO - Processing 110/200: https://www.rekhta.org/stories/shikastagi-ahmad-sagheer-stories?lang=ur
2026-02-16 21:36:10,363 - scraper.rekhta - WARNING - Story skipped (invalid/empty): https://www.rekhta.org/stories/shikastagi-ahmad-sagheer-stories?lang=ur
2026-02-16 21:36:10,363 - scraper.rekhta - INFO - Processing 111/200: https://www.rekhta.org/stories/lahu-rang-tasvir-ahmad-sagheer-stories?lang=ur
2026-02-16 21:36:15,644 - scraper.rekhta - WARNING - Story skipped (invalid/empty): https://www.rekhta.org/stories/lahu-rang-tasvir-ahmad-sagheer-stories?lang=ur
2026-02-16 21:36:15,644 - scraper.rekhta - INFO - Processing 112/200: https://www.rekhta.org/stories/yun-bhi-hota-hai-ahmad-tufail-manto?lang=ur
2026-02-16 21:36:22,793 - scraper.rekhta - WARNING - Story skipped (invalid/empty): https://www.rekhta.org/stories/yun-bhi-hota-hai-ahmad-tufail-manto?lang=ur
2026-02-16 21:36:22,793 - scraper.rekhta - INFO - Processing 113/200: https://www.rekhta.org/stories/khamoshi-ke-hisar-ahmad-yusuf-stories?lang=ur
2026-02-16 21:36:28,915 - scraper.rekhta - WARNING - Story skipped (invalid/empty): https://www.rekhta.org/stories/khamoshi-ke-hisar-ahmad-yusuf-stories?lang=ur
2026-02-16 21:36:28,915 - scraper.rekhta - INFO - Processing 114/200: https://www.rekhta.org/stories/aansoo-sach-bolte-hain-ahmad-zainuddin-stories?lang=ur
2026-02-16 21:36:34,702 - scraper.rekhta - WARNING - Story skipped (invalid/empty): https://www.rekhta.org/stories/aansoo-sach-bolte-hain-ahmad-zainuddin-stories?lang=ur
2026-02-16 21:36:34,702 - scraper.rekhta - INFO - Processing 115/200: https://www.rekhta.org/stories/shikast-aiman-tanzeel-stories?lang=ur
2026-02-16 21:36:40,848 - scraper.rekhta - WARNING - Story skipped (invalid/empty): https://www.rekhta.org/stories/shikast-aiman-tanzeel-stories?lang=ur
2026-02-16 21:36:40,848 - scraper.rekhta - INFO - Processing 116/200: https://www.rekhta.org/stories/toofan-aiman-tanzeel-stories?lang=ur
2026-02-16 21:36:47,695 - scraper.rekhta - INFO - Saved story: rekhta_toofan-aiman-tanzeel-stories
2026-02-16 21:36:47,695 - scraper.rekhta - INFO - Processing 117/200: https://www.rekhta.org/stories/salaakhen-aiman-tanzeel-stories?lang=ur
2026-02-16 21:36:53,578 - scraper.rekhta - WARNING - Story skipped (invalid/empty): https://www.rekhta.org/stories/salaakhen-aiman-tanzeel-stories?lang=ur
2026-02-16 21:36:53,578 - scraper.rekhta - INFO - Processing 118/200: https://www.rekhta.org/stories/khauf-ajmal-aijaz-stories?lang=ur
2026-02-16 21:36:59,348 - scraper.rekhta - INFO - Saved story: rekhta_khauf-ajmal-aijaz-stories
2026-02-16 21:36:59,348 - scraper.rekhta - INFO - Processing 119/200: https://www.rekhta.org/stories/kahaani-ek-kirdar-ki-akhlaq-ahmad-stories?lang=ur
2026-02-16 21:37:06,599 - scraper.rekhta - WARNING - Story skipped (invalid/empty): https://www.rekhta.org/stories/kahaani-ek-kirdar-ki-akhlaq-ahmad-stories?lang=ur
2026-02-16 21:37:06,600 - scraper.rekhta - INFO - Processing 120/200: https://www.rekhta.org/stories/bhai-sahab-akhlaq-ahmad-stories?lang=ur
2026-02-16 21:37:13,639 - scraper.rekhta - INFO - Saved story: rekhta_bhai-sahab-akhlaq-ahmad-stories
2026-02-16 21:37:13,639 - scraper.rekhta - INFO - Processing 121/200: https://www.rekhta.org/stories/ek-kahani-ka-bojh-akhlaq-ahmad-stories?lang=ur
2026-02-16 21:37:22,203 - scraper.rekhta - INFO - Saved story: rekhta_ek-kahani-ka-bojh-akhlaq-ahmad-stories
2026-02-16 21:37:22,209 - scraper.rekhta - INFO - Processing 122/200: https://www.rekhta.org/stories/achchhe-kamon-ka-chai-khana-akhlaq-ahmad-stories?lang=ur
2026-02-16 21:37:29,282 - scraper.rekhta - INFO - Saved story: rekhta_achchhe-kamon-ka-chai-khana-akhlaq-ahmad-stories
2026-02-16 21:37:29,282 - scraper.rekhta - INFO - Processing 123/200: https://www.rekhta.org/stories/khoya-hua-aadmi-akhlaq-ahmad-stories?lang=ur
2026-02-16 21:37:35,938 - scraper.rekhta - INFO - Saved story: rekhta_khoya-hua-aadmi-akhlaq-ahmad-stories
2026-02-16 21:37:35,939 - scraper.rekhta - INFO - Processing 124/200: https://www.rekhta.org/stories/ek-do-teen-chaar-akhlaq-ahmad-stories?lang=ur
2026-02-16 21:37:43,337 - scraper.rekhta - INFO - Saved story: rekhta_ek-do-teen-chaar-akhlaq-ahmad-stories
2026-02-16 21:37:43,338 - scraper.rekhta - INFO - Processing 125/200: https://www.rekhta.org/stories/fasana-khatm-hota-hai-akhlaq-ahmad-stories?lang=ur
2026-02-16 21:37:50,619 - scraper.rekhta - INFO - Saved story: rekhta_fasana-khatm-hota-hai-akhlaq-ahmad-stories
2026-02-16 21:37:50,620 - scraper.rekhta - INFO - Processing 126/200: https://www.rekhta.org/stories/raees-kyun-chup-hai-akhlaq-ahmad-stories?lang=ur
2026-02-16 21:37:58,451 - scraper.rekhta - INFO - Saved story: rekhta_raees-kyun-chup-hai-akhlaq-ahmad-stories
2026-02-16 21:37:58,451 - scraper.rekhta - INFO - Processing 127/200: https://www.rekhta.org/stories/banjar-be-rang-zindagi-wala-akhlaq-ahmad-stories?lang=ur
2026-02-16 21:38:05,459 - scraper.rekhta - INFO - Saved story: rekhta_banjar-be-rang-zindagi-wala-akhlaq-ahmad-stories
2026-02-16 21:38:05,459 - scraper.rekhta - INFO - Processing 128/200: https://www.rekhta.org/stories/mahr-o-maah-aur-akhtar-asman-inhi-se-hai-akhlaq-ahmad-stories?lang=ur
2026-02-16 21:38:11,076 - scraper.rekhta - INFO - Saved story: rekhta_mahr-o-maah-aur-akhtar-asman-inhi-se-hai-akhlaq-ahmad-stories
2026-02-16 21:38:11,076 - scraper.rekhta - INFO - Processing 129/200: https://www.rekhta.org/stories/karachi-naami-qatlgaah-men-ek-dopahar-akhlaq-ahmad-stories?lang=ur
2026-02-16 21:38:17,892 - scraper.rekhta - INFO - Saved story: rekhta_karachi-naami-qatlgaah-men-ek-dopahar-akhlaq-ahmad-stories
2026-02-16 21:38:17,894 - scraper.rekhta - INFO - Processing 130/200: https://www.rekhta.org/stories/martine-quarter-ka-master-akhlaq-ahmad-stories?lang=ur
2026-02-16 21:38:25,202 - scraper.rekhta - INFO - Saved story: rekhta_martine-quarter-ka-master-akhlaq-ahmad-stories
2026-02-16 21:38:25,202 - scraper.rekhta - INFO - Processing 131/200: https://www.rekhta.org/stories/jism-ki-pukaar-akhtar-husain-raipurii-stories?lang=ur
2026-02-16 21:38:30,620 - scraper.rekhta - WARNING - Story skipped (invalid/empty): https://www.rekhta.org/stories/jism-ki-pukaar-akhtar-husain-raipurii-stories?lang=ur
2026-02-16 21:38:30,620 - scraper.rekhta - INFO - Processing 132/200: https://www.rekhta.org/stories/meri-dairy-ke-chand-waraq-akhtar-husain-raipurii-stories?lang=ur
2026-02-16 21:38:35,352 - scraper.rekhta - INFO - Saved story: rekhta_meri-dairy-ke-chand-waraq-akhtar-husain-raipurii-stories
2026-02-16 21:38:35,352 - scraper.rekhta - INFO - Processing 133/200: https://www.rekhta.org/stories/zabaan-e-be-zabaani-akhtar-husain-raipurii-stories?lang=ur
2026-02-16 21:38:42,309 - scraper.rekhta - WARNING - Story skipped (invalid/empty): https://www.rekhta.org/stories/zabaan-e-be-zabaani-akhtar-husain-raipurii-stories?lang=ur
2026-02-16 21:38:42,310 - scraper.rekhta - INFO - Processing 134/200: https://www.rekhta.org/stories/aurat-akhtar-husain-raipurii-stories?lang=ur
2026-02-16 21:38:47,837 - scraper.rekhta - WARNING - Story skipped (invalid/empty): https://www.rekhta.org/stories/aurat-akhtar-husain-raipurii-stories?lang=ur
2026-02-16 21:38:47,841 - scraper.rekhta - INFO - Processing 135/200: https://www.rekhta.org/stories/mujhe-jaane-do-akhtar-husain-raipurii-stories?lang=ur
2026-02-16 21:38:55,593 - scraper.rekhta - WARNING - Story skipped (invalid/empty): https://www.rekhta.org/stories/mujhe-jaane-do-akhtar-husain-raipurii-stories?lang=ur
2026-02-16 21:38:55,593 - scraper.rekhta - INFO - Processing 136/200: https://www.rekhta.org/stories/wo-donon-akhtar-husain-raipurii-stories?lang=ur
2026-02-16 21:39:02,287 - scraper.rekhta - WARNING - Story skipped (invalid/empty): https://www.rekhta.org/stories/wo-donon-akhtar-husain-raipurii-stories?lang=ur
2026-02-16 21:39:02,287 - scraper.rekhta - INFO - Processing 137/200: https://www.rekhta.org/stories/mera-ghar-akhtar-husain-raipurii-stories?lang=ur
2026-02-16 21:39:09,069 - scraper.rekhta - WARNING - Story skipped (invalid/empty): https://www.rekhta.org/stories/mera-ghar-akhtar-husain-raipurii-stories?lang=ur
2026-02-16 21:39:09,069 - scraper.rekhta - INFO - Processing 138/200: https://www.rekhta.org/stories/andha-bhikari-akhtar-husain-raipurii-stories?lang=ur
2026-02-16 21:39:14,346 - scraper.rekhta - WARNING - Story skipped (invalid/empty): https://www.rekhta.org/stories/andha-bhikari-akhtar-husain-raipurii-stories?lang=ur
2026-02-16 21:39:14,346 - scraper.rekhta - INFO - Processing 139/200: https://www.rekhta.org/stories/maut-akhtar-husain-raipurii-stories?lang=ur
2026-02-16 21:39:20,078 - scraper.rekhta - WARNING - Story skipped (invalid/empty): https://www.rekhta.org/stories/maut-akhtar-husain-raipurii-stories?lang=ur
2026-02-16 21:39:20,078 - scraper.rekhta - INFO - Processing 140/200: https://www.rekhta.org/stories/zalzala-akhtar-husain-raipurii-stories?lang=ur
2026-02-16 21:39:27,672 - scraper.rekhta - WARNING - Story skipped (invalid/empty): https://www.rekhta.org/stories/zalzala-akhtar-husain-raipurii-stories?lang=ur
2026-02-16 21:39:27,674 - scraper.rekhta - INFO - Processing 141/200: https://www.rekhta.org/stories/khalaai-daur-ki-mohabbat-akhtar-jamal-stories?lang=ur
2026-02-16 21:39:34,603 - scraper.rekhta - WARNING - Story skipped (invalid/empty): https://www.rekhta.org/stories/khalaai-daur-ki-mohabbat-akhtar-jamal-stories?lang=ur
2026-02-16 21:39:34,603 - scraper.rekhta - INFO - Processing 142/200: https://www.rekhta.org/stories/zanaan-e-misr-aur-zulaikha-akhtar-jamal-stories?lang=ur
2026-02-16 21:39:40,455 - scraper.rekhta - WARNING - Story skipped (invalid/empty): https://www.rekhta.org/stories/zanaan-e-misr-aur-zulaikha-akhtar-jamal-stories?lang=ur
2026-02-16 21:39:40,455 - scraper.rekhta - INFO - Processing 143/200: https://www.rekhta.org/stories/chaand-taaron-ka-lahoo-akhtar-jamal-stories?lang=ur
2026-02-16 21:39:46,855 - scraper.rekhta - WARNING - Story skipped (invalid/empty): https://www.rekhta.org/stories/chaand-taaron-ka-lahoo-akhtar-jamal-stories?lang=ur
2026-02-16 21:39:46,855 - scraper.rekhta - INFO - Processing 144/200: https://www.rekhta.org/stories/eik-darakht-ka-qatl-akhtar-orenvi-stories?lang=ur
2026-02-16 21:39:51,046 - scraper.rekhta - WARNING - Story skipped (invalid/empty): https://www.rekhta.org/stories/eik-darakht-ka-qatl-akhtar-orenvi-stories?lang=ur
2026-02-16 21:39:51,046 - scraper.rekhta - INFO - Processing 145/200: https://www.rekhta.org/stories/kiwad-ki-oat-se-akhtar-orenvi-stories?lang=ur
2026-02-16 21:39:57,957 - scraper.rekhta - WARNING - Story skipped (invalid/empty): https://www.rekhta.org/stories/kiwad-ki-oat-se-akhtar-orenvi-stories?lang=ur
2026-02-16 21:39:57,957 - scraper.rekhta - INFO - Processing 146/200: https://www.rekhta.org/stories/sapnon-ke-des-mein-akhtar-orenvi-stories?lang=ur
2026-02-16 21:40:06,959 - scraper.rekhta - WARNING - Story skipped (invalid/empty): https://www.rekhta.org/stories/sapnon-ke-des-mein-akhtar-orenvi-stories?lang=ur
2026-02-16 21:40:06,959 - scraper.rekhta - INFO - Processing 147/200: https://www.rekhta.org/stories/kechliyaan-aur-baal-e-jibreel-akhtar-orenvi-stories?lang=ur
2026-02-16 21:40:12,937 - scraper.rekhta - WARNING - Story skipped (invalid/empty): https://www.rekhta.org/stories/kechliyaan-aur-baal-e-jibreel-akhtar-orenvi-stories?lang=ur
2026-02-16 21:40:12,940 - scraper.rekhta - INFO - Processing 148/200: https://www.rekhta.org/stories/shaadi-ke-tohfe-akhtar-orenvi-stories?lang=ur
2026-02-16 21:40:21,125 - scraper.rekhta - WARNING - Story skipped (invalid/empty): https://www.rekhta.org/stories/shaadi-ke-tohfe-akhtar-orenvi-stories?lang=ur
2026-02-16 21:40:21,125 - scraper.rekhta - INFO - Processing 149/200: https://www.rekhta.org/stories/mareez-akhtar-orenvi-stories?lang=ur
2026-02-16 21:40:29,309 - scraper.rekhta - WARNING - Story skipped (invalid/empty): https://www.rekhta.org/stories/mareez-akhtar-orenvi-stories?lang=ur
2026-02-16 21:40:29,309 - scraper.rekhta - INFO - Processing 150/200: https://www.rekhta.org/stories/kalyaan-aur-kaante-akhtar-orenvi-stories?lang=ur
2026-02-16 21:40:39,158 - scraper.rekhta - INFO - Saved story: rekhta_kalyaan-aur-kaante-akhtar-orenvi-stories
2026-02-16 21:40:39,159 - scraper.rekhta - INFO - Processing 151/200: https://www.rekhta.org/stories/anaar-kali-aur-bhool-bhulayyan-akhtar-orenvi-stories?lang=ur
2026-02-16 21:40:45,532 - scraper.rekhta - WARNING - Story skipped (invalid/empty): https://www.rekhta.org/stories/anaar-kali-aur-bhool-bhulayyan-akhtar-orenvi-stories?lang=ur
2026-02-16 21:40:45,532 - scraper.rekhta - INFO - Processing 152/200: https://www.rekhta.org/stories/cement-akhtar-orenvi-stories?lang=ur
2026-02-16 21:40:53,990 - scraper.rekhta - WARNING - Story skipped (invalid/empty): https://www.rekhta.org/stories/cement-akhtar-orenvi-stories?lang=ur
2026-02-16 21:40:53,990 - scraper.rekhta - INFO - Processing 153/200: https://www.rekhta.org/stories/mela-ghumni-ali-abbas-husaini-stories?lang=ur
2026-02-16 21:40:59,838 - scraper.rekhta - WARNING - Story skipped (invalid/empty): https://www.rekhta.org/stories/mela-ghumni-ali-abbas-husaini-stories?lang=ur
2026-02-16 21:40:59,838 - scraper.rekhta - INFO - Processing 154/200: https://www.rekhta.org/stories/khush-qismat-ladka-ali-abbas-husaini-stories?lang=ur
2026-02-16 21:41:04,436 - scraper.rekhta - WARNING - Story skipped (invalid/empty): https://www.rekhta.org/stories/khush-qismat-ladka-ali-abbas-husaini-stories?lang=ur
2026-02-16 21:41:04,436 - scraper.rekhta - INFO - Processing 155/200: https://www.rekhta.org/stories/noor-o-naar-ali-abbas-husaini-stories?lang=ur
2026-02-16 21:41:12,134 - scraper.rekhta - WARNING - Story skipped (invalid/empty): https://www.rekhta.org/stories/noor-o-naar-ali-abbas-husaini-stories?lang=ur
2026-02-16 21:41:12,136 - scraper.rekhta - INFO - Processing 156/200: https://www.rekhta.org/stories/gaon-ki-laaj-ali-abbas-husaini-stories?lang=ur
2026-02-16 21:41:19,244 - scraper.rekhta - WARNING - Story skipped (invalid/empty): https://www.rekhta.org/stories/gaon-ki-laaj-ali-abbas-husaini-stories?lang=ur
2026-02-16 21:41:19,244 - scraper.rekhta - INFO - Processing 157/200: https://www.rekhta.org/stories/kafan-ali-abbas-husaini-stories?lang=ur
2026-02-16 21:41:26,546 - scraper.rekhta - WARNING - Story skipped (invalid/empty): https://www.rekhta.org/stories/kafan-ali-abbas-husaini-stories?lang=ur
2026-02-16 21:41:26,546 - scraper.rekhta - INFO - Processing 158/200: https://www.rekhta.org/stories/ek-maan-ke-do-bachche-ali-abbas-husaini-stories?lang=ur
2026-02-16 21:41:34,377 - scraper.rekhta - WARNING - Story skipped (invalid/empty): https://www.rekhta.org/stories/ek-maan-ke-do-bachche-ali-abbas-husaini-stories?lang=ur
2026-02-16 21:41:34,381 - scraper.rekhta - INFO - Processing 159/200: https://www.rekhta.org/stories/baasi-phool-2-ali-abbas-husaini-stories?lang=ur
2026-02-16 21:41:42,527 - scraper.rekhta - INFO - Saved story: rekhta_baasi-phool-2-ali-abbas-husaini-stories
2026-02-16 21:41:42,527 - scraper.rekhta - INFO - Processing 160/200: https://www.rekhta.org/stories/badlaa-ali-abbas-husaini-stories?lang=ur
2026-02-16 21:41:49,472 - scraper.rekhta - WARNING - Story skipped (invalid/empty): https://www.rekhta.org/stories/badlaa-ali-abbas-husaini-stories?lang=ur
2026-02-16 21:41:49,472 - scraper.rekhta - INFO - Processing 161/200: https://www.rekhta.org/stories/bailon-ki-jodi-ali-abbas-husaini-stories?lang=ur
2026-02-16 21:41:55,851 - scraper.rekhta - WARNING - Story skipped (invalid/empty): https://www.rekhta.org/stories/bailon-ki-jodi-ali-abbas-husaini-stories?lang=ur
2026-02-16 21:41:55,851 - scraper.rekhta - INFO - Processing 162/200: https://www.rekhta.org/stories/nayi-hamsaaee-ali-abbas-husaini-stories?lang=ur
2026-02-16 21:42:03,812 - scraper.rekhta - WARNING - Story skipped (invalid/empty): https://www.rekhta.org/stories/nayi-hamsaaee-ali-abbas-husaini-stories?lang=ur
2026-02-16 21:42:03,812 - scraper.rekhta - INFO - Processing 163/200: https://www.rekhta.org/stories/baasi-phool-1-ali-abbas-husaini-stories?lang=ur
2026-02-16 21:42:10,671 - scraper.rekhta - WARNING - Story skipped (invalid/empty): https://www.rekhta.org/stories/baasi-phool-1-ali-abbas-husaini-stories?lang=ur
2026-02-16 21:42:10,671 - scraper.rekhta - INFO - Processing 164/200: https://www.rekhta.org/stories/pahredaar-ali-abbas-husaini-stories?lang=ur
2026-02-16 21:42:16,415 - scraper.rekhta - WARNING - Story skipped (invalid/empty): https://www.rekhta.org/stories/pahredaar-ali-abbas-husaini-stories?lang=ur
2026-02-16 21:42:16,415 - scraper.rekhta - INFO - Processing 165/200: https://www.rekhta.org/stories/aam-ka-phal-ali-abbas-husaini-stories?lang=ur
2026-02-16 21:42:22,399 - scraper.rekhta - WARNING - Story skipped (invalid/empty): https://www.rekhta.org/stories/aam-ka-phal-ali-abbas-husaini-stories?lang=ur
2026-02-16 21:42:22,399 - scraper.rekhta - INFO - Processing 166/200: https://www.rekhta.org/stories/haar-jeet-ali-abbas-husaini-stories?lang=ur
2026-02-16 21:42:30,325 - scraper.rekhta - WARNING - Story skipped (invalid/empty): https://www.rekhta.org/stories/haar-jeet-ali-abbas-husaini-stories?lang=ur
2026-02-16 21:42:30,325 - scraper.rekhta - INFO - Processing 167/200: https://www.rekhta.org/stories/husn-e-rahguzar-ali-abbas-husaini-stories?lang=ur
2026-02-16 21:42:35,898 - scraper.rekhta - WARNING - Story skipped (invalid/empty): https://www.rekhta.org/stories/husn-e-rahguzar-ali-abbas-husaini-stories?lang=ur
2026-02-16 21:42:35,898 - scraper.rekhta - INFO - Processing 168/200: https://www.rekhta.org/stories/pavitra-sindoor-ali-abbas-husaini-stories?lang=ur
2026-02-16 21:42:40,960 - scraper.rekhta - WARNING - Story skipped (invalid/empty): https://www.rekhta.org/stories/pavitra-sindoor-ali-abbas-husaini-stories?lang=ur
2026-02-16 21:42:40,960 - scraper.rekhta - INFO - Processing 169/200: https://www.rekhta.org/stories/rafeeq-e-tanhaai-ali-abbas-husaini-stories?lang=ur
2026-02-16 21:42:48,142 - scraper.rekhta - WARNING - Story skipped (invalid/empty): https://www.rekhta.org/stories/rafeeq-e-tanhaai-ali-abbas-husaini-stories?lang=ur
2026-02-16 21:42:48,142 - scraper.rekhta - INFO - Processing 170/200: https://www.rekhta.org/stories/laathi-pooja-ali-abbas-husaini-stories?lang=ur
2026-02-16 21:42:53,400 - scraper.rekhta - WARNING - Story skipped (invalid/empty): https://www.rekhta.org/stories/laathi-pooja-ali-abbas-husaini-stories?lang=ur
2026-02-16 21:42:53,400 - scraper.rekhta - INFO - Processing 171/200: https://www.rekhta.org/stories/betty-ali-abbas-husaini-stories?lang=ur
2026-02-16 21:42:59,803 - scraper.rekhta - WARNING - Story skipped (invalid/empty): https://www.rekhta.org/stories/betty-ali-abbas-husaini-stories?lang=ur
2026-02-16 21:42:59,803 - scraper.rekhta - INFO - Processing 172/200: https://www.rekhta.org/stories/maikhana-ali-abbas-husaini-stories?lang=ur
2026-02-16 21:43:05,184 - scraper.rekhta - WARNING - Story skipped (invalid/empty): https://www.rekhta.org/stories/maikhana-ali-abbas-husaini-stories?lang=ur
2026-02-16 21:43:05,184 - scraper.rekhta - INFO - Processing 173/200: https://www.rekhta.org/stories/chup-shaah-ali-haidar-malik-stories?lang=ur
2026-02-16 21:43:11,509 - scraper.rekhta - WARNING - Story skipped (invalid/empty): https://www.rekhta.org/stories/chup-shaah-ali-haidar-malik-stories?lang=ur
2026-02-16 21:43:11,509 - scraper.rekhta - INFO - Processing 174/200: https://www.rekhta.org/stories/paasa-ali-imam-naqvi-stories?lang=ur
2026-02-16 21:43:17,986 - scraper.rekhta - INFO - Saved story: rekhta_paasa-ali-imam-naqvi-stories
2026-02-16 21:43:17,986 - scraper.rekhta - INFO - Processing 175/200: https://www.rekhta.org/stories/daanto-mein-ghiri-zabaan-ali-imam-naqvi-stories?lang=ur
2026-02-16 21:43:24,234 - scraper.rekhta - WARNING - Story skipped (invalid/empty): https://www.rekhta.org/stories/daanto-mein-ghiri-zabaan-ali-imam-naqvi-stories?lang=ur
2026-02-16 21:43:24,235 - scraper.rekhta - INFO - Processing 176/200: https://www.rekhta.org/stories/kahi-an-kahi-ali-imam-naqvi-stories?lang=ur
2026-02-16 21:43:30,409 - scraper.rekhta - WARNING - Story skipped (invalid/empty): https://www.rekhta.org/stories/kahi-an-kahi-ali-imam-naqvi-stories?lang=ur
2026-02-16 21:43:30,411 - scraper.rekhta - INFO - Processing 177/200: https://www.rekhta.org/stories/aap-ruke-kyun-nahi-ali-imam-naqvi-stories?lang=ur
2026-02-16 21:43:36,801 - scraper.rekhta - WARNING - Story skipped (invalid/empty): https://www.rekhta.org/stories/aap-ruke-kyun-nahi-ali-imam-naqvi-stories?lang=ur
2026-02-16 21:43:36,801 - scraper.rekhta - INFO - Processing 178/200: https://www.rekhta.org/stories/par-jhadne-ke-din-ali-tanha-stories?lang=ur
2026-02-16 21:43:42,627 - scraper.rekhta - INFO - Saved story: rekhta_par-jhadne-ke-din-ali-tanha-stories
2026-02-16 21:43:42,627 - scraper.rekhta - INFO - Processing 179/200: https://www.rekhta.org/stories/nangi-murghiyan-altaf-fatima-stories?lang=ur
2026-02-16 21:43:47,629 - scraper.rekhta - WARNING - Story skipped (invalid/empty): https://www.rekhta.org/stories/nangi-murghiyan-altaf-fatima-stories?lang=ur
2026-02-16 21:43:47,632 - scraper.rekhta - INFO - Processing 180/200: https://www.rekhta.org/stories/soan-gudiyaan-altaf-fatima-stories?lang=ur
2026-02-16 21:43:54,084 - scraper.rekhta - WARNING - Story skipped (invalid/empty): https://www.rekhta.org/stories/soan-gudiyaan-altaf-fatima-stories?lang=ur
2026-02-16 21:43:54,085 - scraper.rekhta - INFO - Processing 181/200: https://www.rekhta.org/stories/kaheen-ye-purwaai-to-nahi-altaf-fatima-stories?lang=ur
2026-02-16 21:44:00,623 - scraper.rekhta - WARNING - Story skipped (invalid/empty): https://www.rekhta.org/stories/kaheen-ye-purwaai-to-nahi-altaf-fatima-stories?lang=ur
2026-02-16 21:44:00,623 - scraper.rekhta - INFO - Processing 182/200: https://www.rekhta.org/stories/taar-e-ankaboot-altaf-fatima-stories?lang=ur
2026-02-16 21:44:07,368 - scraper.rekhta - INFO - Saved story: rekhta_taar-e-ankaboot-altaf-fatima-stories
2026-02-16 21:44:07,368 - scraper.rekhta - INFO - Processing 183/200: https://www.rekhta.org/stories/dard-e-la-dawa-altaf-fatima-stories?lang=ur
2026-02-16 21:44:14,276 - scraper.rekhta - INFO - Saved story: rekhta_dard-e-la-dawa-altaf-fatima-stories
2026-02-16 21:44:14,276 - scraper.rekhta - INFO - Processing 184/200: https://www.rekhta.org/stories/neon-signs-altaf-fatima-stories?lang=ur
2026-02-16 21:44:20,457 - scraper.rekhta - WARNING - Story skipped (invalid/empty): https://www.rekhta.org/stories/neon-signs-altaf-fatima-stories?lang=ur
2026-02-16 21:44:20,457 - scraper.rekhta - INFO - Processing 185/200: https://www.rekhta.org/stories/chhota-altaf-fatima-stories?lang=ur
2026-02-16 21:44:26,720 - scraper.rekhta - WARNING - Story skipped (invalid/empty): https://www.rekhta.org/stories/chhota-altaf-fatima-stories?lang=ur
2026-02-16 21:44:26,720 - scraper.rekhta - INFO - Processing 186/200: https://www.rekhta.org/stories/saankhya-yogi-altaf-fatima-stories?lang=ur
2026-02-16 21:44:32,811 - scraper.rekhta - INFO - Saved story: rekhta_saankhya-yogi-altaf-fatima-stories
2026-02-16 21:44:32,814 - scraper.rekhta - INFO - Processing 187/200: https://www.rekhta.org/stories/sheer-dahaan-altaf-fatima-stories?lang=ur
2026-02-16 21:44:37,681 - scraper.rekhta - WARNING - Story skipped (invalid/empty): https://www.rekhta.org/stories/sheer-dahaan-altaf-fatima-stories?lang=ur
2026-02-16 21:44:37,681 - scraper.rekhta - INFO - Processing 188/200: https://www.rekhta.org/stories/kamand-e-hawa-altaf-fatima-stories?lang=ur
2026-02-16 21:44:44,030 - scraper.rekhta - WARNING - Story skipped (invalid/empty): https://www.rekhta.org/stories/kamand-e-hawa-altaf-fatima-stories?lang=ur
2026-02-16 21:44:44,030 - scraper.rekhta - INFO - Processing 189/200: https://www.rekhta.org/stories/deputy-collectory-amarkant-stories?lang=ur
2026-02-16 21:44:51,209 - scraper.rekhta - INFO - Saved story: rekhta_deputy-collectory-amarkant-stories
2026-02-16 21:44:51,209 - scraper.rekhta - INFO - Processing 190/200: https://www.rekhta.org/stories/pahchaan-amina-abul-hasan-stories?lang=ur
2026-02-16 21:44:57,120 - scraper.rekhta - WARNING - Story skipped (invalid/empty): https://www.rekhta.org/stories/pahchaan-amina-abul-hasan-stories?lang=ur
2026-02-16 21:44:57,120 - scraper.rekhta - INFO - Processing 191/200: https://www.rekhta.org/stories/sawaal-amina-abul-hasan-stories?lang=ur
2026-02-16 21:45:02,536 - scraper.rekhta - WARNING - Story skipped (invalid/empty): https://www.rekhta.org/stories/sawaal-amina-abul-hasan-stories?lang=ur
2026-02-16 21:45:02,546 - scraper.rekhta - INFO - Processing 192/200: https://www.rekhta.org/stories/aaina-ammara-jahan-stories?lang=ur
2026-02-16 21:45:09,203 - scraper.rekhta - WARNING - Story skipped (invalid/empty): https://www.rekhta.org/stories/aaina-ammara-jahan-stories?lang=ur
2026-02-16 21:45:09,203 - scraper.rekhta - INFO - Processing 193/200: https://www.rekhta.org/stories/nahle-pe-dahla-ammara-jahan-stories?lang=ur
2026-02-16 21:45:15,345 - scraper.rekhta - WARNING - Story skipped (invalid/empty): https://www.rekhta.org/stories/nahle-pe-dahla-ammara-jahan-stories?lang=ur
2026-02-16 21:45:15,345 - scraper.rekhta - INFO - Processing 194/200: https://www.rekhta.org/stories/shah-ki-kanjari-amrita-pritam-stories?lang=ur
2026-02-16 21:45:20,720 - scraper.rekhta - WARNING - Story skipped (invalid/empty): https://www.rekhta.org/stories/shah-ki-kanjari-amrita-pritam-stories?lang=ur
2026-02-16 21:45:20,720 - scraper.rekhta - INFO - Processing 195/200: https://www.rekhta.org/stories/aadiwaas-anand-yadav-stories?lang=ur
2026-02-16 21:45:28,092 - scraper.rekhta - WARNING - Story skipped (invalid/empty): https://www.rekhta.org/stories/aadiwaas-anand-yadav-stories?lang=ur
2026-02-16 21:45:28,092 - scraper.rekhta - INFO - Processing 196/200: https://www.rekhta.org/stories/gopi-sahoo-ki-dukan-ananta-prasad-panda-stories?lang=ur
2026-02-16 21:45:33,834 - scraper.rekhta - WARNING - Story skipped (invalid/empty): https://www.rekhta.org/stories/gopi-sahoo-ki-dukan-ananta-prasad-panda-stories?lang=ur
2026-02-16 21:45:33,834 - scraper.rekhta - INFO - Processing 197/200: https://www.rekhta.org/stories/be-saaibaan-anjum-qidwai-stories?lang=ur
2026-02-16 21:45:39,484 - scraper.rekhta - WARNING - Story skipped (invalid/empty): https://www.rekhta.org/stories/be-saaibaan-anjum-qidwai-stories?lang=ur
2026-02-16 21:45:39,484 - scraper.rekhta - INFO - Processing 198/200: https://www.rekhta.org/stories/shanti-anjum-qidwai-stories?lang=ur
2026-02-16 21:45:46,237 - scraper.rekhta - WARNING - Story skipped (invalid/empty): https://www.rekhta.org/stories/shanti-anjum-qidwai-stories?lang=ur
2026-02-16 21:45:46,237 - scraper.rekhta - INFO - Processing 199/200: https://www.rekhta.org/stories/bas-ek-nuqta-anjum-qidwai-stories?lang=ur
2026-02-16 21:45:52,668 - scraper.rekhta - WARNING - Story skipped (invalid/empty): https://www.rekhta.org/stories/bas-ek-nuqta-anjum-qidwai-stories?lang=ur
2026-02-16 21:45:52,669 - scraper.rekhta - INFO - Processing 200/200: https://www.rekhta.org/stories/vaza-daar-anjum-qidwai-stories?lang=ur
2026-02-16 21:45:57,454 - scraper.rekhta - WARNING - Story skipped (invalid/empty): https://www.rekhta.org/stories/vaza-daar-anjum-qidwai-stories?lang=ur
2026-02-16 21:45:57,454 - scraper.rekhta - INFO - Processing 201/200: https://www.rekhta.org/stories/ye-rabte-dil-ke-anjum-qidwai-stories?lang=ur
2026-02-16 21:46:02,621 - scraper.rekhta - WARNING - Story skipped (invalid/empty): https://www.rekhta.org/stories/ye-rabte-dil-ke-anjum-qidwai-stories?lang=ur
2026-02-16 21:46:02,621 - scraper.rekhta - INFO - Processing 202/200: https://www.rekhta.org/stories/dargor-anwar-ahmad-manto?lang=ur
2026-02-16 21:46:08,342 - scraper.rekhta - WARNING - Story skipped (invalid/empty): https://www.rekhta.org/stories/dargor-anwar-ahmad-manto?lang=ur
2026-02-16 21:46:08,342 - scraper.rekhta - INFO - Processing 203/200: https://www.rekhta.org/stories/saari-raat-anwar-azeem-stories?lang=ur
2026-02-16 21:46:13,696 - scraper.rekhta - WARNING - Story skipped (invalid/empty): https://www.rekhta.org/stories/saari-raat-anwar-azeem-stories?lang=ur
2026-02-16 21:46:13,696 - scraper.rekhta - INFO - Processing 204/200: https://www.rekhta.org/stories/aangan-ki-dhoop-anwar-azeem-stories?lang=ur
2026-02-16 21:46:19,467 - scraper.rekhta - WARNING - Story skipped (invalid/empty): https://www.rekhta.org/stories/aangan-ki-dhoop-anwar-azeem-stories?lang=ur
2026-02-16 21:46:19,470 - scraper.rekhta - INFO - Processing 205/200: https://www.rekhta.org/stories/matam-gusar-anwar-khan-stories?lang=ur
2026-02-16 21:46:24,310 - scraper.rekhta - WARNING - Story skipped (invalid/empty): https://www.rekhta.org/stories/matam-gusar-anwar-khan-stories?lang=ur
2026-02-16 21:46:24,310 - scraper.rekhta - INFO - Finished rekhta. Scraped 39 stories.
